Date,02T,03T(เก่า),03T(ใหม่),05T,07T,10T,11T,12T,15T,59T,61T,48T,49T,50T,52T,53T,54T,08T,13T,14T,16T,17T,18T,19T,20T,21T,22T,24T,25T,26T,27T,28T,29T,30T,31T,32T,33T,34T(เก่า),34T(ใหม่),35T,36T,37A,38A,39T,40T,41T,42T,43T,46T,47T,60T,62T,63T,44T,57T,58T,67T,68T,69T,70T,71T,72T,73T,74T
1/1/2015,47,41,N/A,39,N/A,51,N/A,44,22,N/A,51,49,N/A,N/A,N/A,18,47,N/A,50,69,58,43,51,41,46,81,N/A,69,16,N/A,66,43,65,53,49,N/A,46,15,N/A,39,48,56,48,28,60,49,N/A,31,49,N/A,42,44,35,53,35,30,40,52,46,47,41,55,44,48
1/2/2015,54,51,N/A,49,N/A,60,N/A,54,27,N/A,59,56,N/A,N/A,N/A,21,56,N/A,63,74,72,52,60,58,61,90,N/A,85,19,N/A,82,53,76,60,58,N/A,55,17,N/A,58,42,57,64,30,62,64,N/A,31,72,N/A,52,42,33,50,39,29,43,45,73,48,49,N/A,50,59
1/3/2015,74,71,N/A,63,N/A,82,N/A,68,29,N/A,76,86,N/A,N/A,N/A,27,78,N/A,80,89,96,70,85,76,69,90,N/A,83,21,N/A,103,56,76,72,63,N/A,56,19,N/A,52,58,83,102,38,84,100,N/A,38,63,N/A,55,52,39,55,51,32,48,58,87,55,55,N/A,46,62
1/4/2015,86,84,N/A,85,N/A,93,N/A,93,32,N/A,87,103,N/A,N/A,N/A,32,94,N/A,93,99,114,87,91,93,76,118,N/A,98,21,N/A,99,71,90,83,67,N/A,69,22,N/A,60,73,91,88,58,N/A,101,N/A,36,85,N/A,61,39,30,45,55,34,53,67,88,66,61,69,52,71
1/5/2015,81,85,N/A,76,N/A,99,N/A,102,30,N/A,94,102,N/A,N/A,N/A,33,87,N/A,102,109,103,81,97,77,98,118,N/A,148,19,N/A,91,80,99,74,70,N/A,73,22,N/A,66,74,81,75,51,N/A,120,N/A,40,107,N/A,79,35,28,42,65,35,67,60,96,68,52,90,55,66
1/6/2015,57,N/A,N/A,68,N/A,81,N/A,75,28,N/A,77,69,N/A,N/A,N/A,26,67,N/A,77,115,94,66,99,71,66,100,N/A,168,18,N/A,82,68,87,62,60,N/A,67,19,N/A,51,50,82,92,54,N/A,111,N/A,20,134,N/A,66,21,23,40,48,33,68,58,107,65,59,80,47,60
1/7/2015,37,35,N/A,33,N/A,48,N/A,51,21,N/A,46,47,N/A,69,19,19,46,N/A,57,91,48,35,51,32,63,99,68,191,17,62,61,51,73,45,49,N/A,56,17,N/A,55,54,88,72,51,110,129,N/A,16,102,N/A,53,16,17,36,47,26,65,71,97,62,54,87,45,63
1/8/2015,41,37,N/A,26,N/A,40,N/A,50,23,N/A,41,49,N/A,63,21,18,46,N/A,49,52,52,39,51,33,39,60,50,134,13,45,47,46,65,40,46,N/A,47,16,N/A,62,71,90,68,34,72,53,32,16,32,N/A,33,31,23,32,50,33,47,76,88,48,34,53,68,51
1/9/2015,41,42,N/A,35,N/A,47,N/A,46,22,N/A,47,51,N/A,49,21,16,49,N/A,51,61,59,42,51,41,50,72,54,100,12,46,61,44,63,46,43,N/A,N/A,14,N/A,13,28,25,17,15,26,50,40,23,35,N/A,42,37,26,40,15,23,25,23,N/A,14,37,45,24,48
1/10/2015,49,51,N/A,47,N/A,63,N/A,61,25,N/A,59,67,N/A,61,24,23,58,N/A,73,79,70,50,66,63,60,81,81,116,16,74,77,61,74,52,58,N/A,77,22,N/A,9,22,17,8,4,14,37,35,22,38,N/A,51,20,19,41,7,20,6,10,N/A,5,45,34,15,54
1/11/2015,45,44,N/A,N/A,N/A,59,N/A,48,21,N/A,60,54,N/A,60,23,20,46,N/A,46,51,69,44,62,62,36,52,58,91,17,54,50,68,96,73,76,N/A,73,17,N/A,9,16,29,13,7,20,13,N/A,25,29,N/A,55,27,21,37,15,27,10,12,16,17,46,20,24,69
1/12/2015,39,38,N/A,N/A,N/A,48,N/A,44,20,N/A,50,48,N/A,56,20,18,45,N/A,52,49,63,37,57,59,36,54,51,92,14,43,50,55,76,62,64,N/A,65,15,N/A,13,19,45,21,10,25,28,N/A,26,38,N/A,43,42,26,41,22,22,13,22,23,18,36,25,28,57
1/13/2015,45,42,N/A,N/A,N/A,53,N/A,49,23,N/A,56,N/A,N/A,59,20,19,57,N/A,58,62,65,43,60,53,42,62,68,99,15,58,80,42,56,42,49,N/A,54,13,N/A,25,26,47,29,14,27,35,36,26,49,N/A,39,32,24,43,25,23,32,32,29,25,46,38,N/A,48
1/14/2015,66,62,N/A,N/A,N/A,85,69,74,29,N/A,82,N/A,N/A,84,30,26,80,N/A,77,78,93,65,83,87,62,110,95,121,21,78,104,60,85,57,68,N/A,72,18,N/A,34,41,69,52,21,36,65,44,27,69,N/A,57,34,22,37,34,27,34,45,45,37,50,N/A,37,68
1/15/2015,71,76,N/A,N/A,N/A,80,73,76,30,N/A,83,80,N/A,89,32,26,88,N/A,88,98,96,70,83,79,93,94,105,150,20,107,132,68,98,70,81,N/A,83,19,N/A,39,52,63,53,26,52,108,40,27,87,N/A,60,34,28,45,40,27,41,55,66,36,57,N/A,47,64
1/16/2015,82,86,N/A,N/A,N/A,98,88,86,32,N/A,100,91,N/A,101,36,29,98,N/A,108,123,105,78,99,87,86,115,128,177,22,106,149,75,118,82,86,N/A,73,20,N/A,42,50,67,51,27,63,138,70,41,78,N/A,65,48,40,63,38,23,46,58,66,39,60,N/A,N/A,78
1/17/2015,64,66,N/A,N/A,N/A,65,68,70,28,N/A,69,64,N/A,75,26,23,72,N/A,79,93,81,61,80,84,68,90,101,129,20,112,126,71,90,68,75,N/A,65,20,N/A,47,67,82,52,37,73,82,81,51,66,N/A,60,48,43,65,38,27,48,56,63,42,68,N/A,43,71
1/18/2015,85,73,N/A,N/A,N/A,82,78,90,32,N/A,86,77,N/A,95,34,26,82,N/A,92,111,100,74,98,93,84,84,113,116,22,115,146,84,105,76,80,N/A,76,21,N/A,57,76,76,79,40,67,99,67,40,62,N/A,60,40,33,46,47,52,56,59,73,46,57,N/A,35,82
1/19/2015,64,61,N/A,N/A,N/A,70,56,71,27,N/A,72,64,N/A,68,26,23,64,N/A,79,93,80,61,76,74,68,79,99,110,19,97,115,76,102,N/A,84,N/A,71,18,N/A,72,83,85,78,46,72,88,64,39,69,N/A,57,41,32,52,54,52,52,60,77,48,53,65,50,77
1/20/2015,75,75,N/A,N/A,N/A,78,73,72,30,N/A,83,69,N/A,87,30,26,86,N/A,97,113,N/A,69,88,83,73,95,101,152,21,93,131,71,104,77,82,N/A,72,18,N/A,71,80,74,76,50,84,108,58,39,97,N/A,60,50,38,52,64,49,53,63,75,62,72,79,55,70
1/21/2015,93,93,N/A,N/A,N/A,103,81,101,36,N/A,106,93,N/A,100,42,32,97,N/A,131,128,124,89,109,109,91,N/A,133,258,25,116,183,111,135,91,105,N/A,109,28,N/A,55,64,83,75,43,87,123,N/A,51,118,N/A,75,44,38,50,52,35,63,60,81,57,67,89,40,87
1/22/2015,107,126,N/A,N/A,N/A,125,105,122,39,N/A,129,118,N/A,139,49,36,112,N/A,137,170,151,124,133,118,109,153,157,234,25,98,208,117,139,92,109,N/A,124,32,N/A,44,47,76,72,37,99,112,N/A,53,101,115,91,48,45,N/A,38,26,54,57,70,39,83,87,33,98
1/23/2015,100,104,N/A,N/A,N/A,122,N/A,132,37,N/A,119,111,99,138,49,43,105,N/A,137,143,133,97,125,111,107,115,151,222,28,101,98,110,119,86,88,N/A,104,34,N/A,44,43,61,70,35,N/A,126,N/A,46,114,144,83,45,40,N/A,36,28,53,57,71,42,83,95,27,78
1/24/2015,61,62,N/A,N/A,N/A,84,N/A,75,28,N/A,78,70,N/A,83,30,34,66,N/A,87,113,90,66,67,69,84,114,95,227,26,91,77,85,110,74,80,N/A,96,28,N/A,37,50,65,65,39,N/A,137,56,42,139,123,80,48,44,N/A,32,31,59,51,79,44,77,93,26,83
1/25/2015,55,51,N/A,N/A,N/A,88,N/A,70,25,N/A,81,77,77,81,31,37,60,N/A,85,85,N/A,53,65,79,84,121,112,206,28,93,58,72,103,69,75,N/A,82,26,N/A,37,50,71,64,38,N/A,135,63,44,155,130,76,50,47,48,32,30,52,55,N/A,47,97,74,29,65
1/26/2015,60,52,N/A,N/A,N/A,80,N/A,68,27,N/A,78,83,75,85,31,34,51,N/A,85,111,84,57,74,75,N/A,103,98,208,29,102,66,78,101,65,77,N/A,85,27,N/A,52,58,76,70,37,N/A,137,63,42,160,136,80,48,48,49,31,34,51,60,81,38,90,86,33,68
1/27/2015,76,75,N/A,N/A,N/A,97,N/A,96,32,N/A,N/A,107,88,106,37,44,90,N/A,110,128,N/A,75,88,83,N/A,124,107,246,29,114,104,87,113,72,80,N/A,97,24,N/A,51,65,75,68,43,79,119,70,50,156,134,87,47,45,47,40,36,53,64,N/A,45,87,83,36,74
1/28/2015,69,67,N/A,N/A,N/A,90,N/A,84,29,N/A,93,89,88,95,35,47,73,N/A,101,118,92,65,78,75,N/A,134,102,308,31,109,86,88,89,65,76,N/A,95,32,N/A,52,60,68,64,46,96,123,66,50,171,140,99,35,37,40,44,33,54,61,N/A,51,89,78,N/A,64
1/29/2015,70,56,N/A,N/A,N/A,92,N/A,75,26,N/A,93,87,85,92,31,45,70,N/A,75,80,88,61,66,72,72,130,92,251,31,99,54,67,83,56,63,N/A,84,31,N/A,57,64,83,85,46,103,129,61,48,161,168,82,33,37,45,43,39,52,76,N/A,51,83,98,36,60
1/30/2015,55,47,N/A,N/A,N/A,73,N/A,65,24,N/A,71,75,66,79,26,36,57,N/A,63,78,71,58,68,52,90,106,71,181,29,91,49,65,80,52,62,N/A,75,26,N/A,69,70,91,87,54,103,157,59,45,119,162,80,34,36,36,51,37,68,73,N/A,61,71,116,48,63
1/31/2015,64,55,N/A,N/A,N/A,75,N/A,76,25,N/A,71,76,65,81,30,28,54,N/A,73,72,78,61,70,72,96,93,81,163,26,74,N/A,65,82,55,62,N/A,72,25,N/A,69,77,110,122,80,125,129,69,50,69,96,78,41,38,40,77,40,66,79,58,83,75,104,54,60
2/1/2015,76,N/A,N/A,N/A,N/A,89,N/A,87,29,N/A,90,73,66,89,33,26,67,N/A,86,84,99,75,94,97,83,106,93,125,21,92,N/A,65,111,70,74,N/A,73,21,N/A,86,91,105,105,73,103,97,66,48,62,68,79,42,34,40,87,50,48,86,71,63,64,74,63,66
2/2/2015,79,N/A,N/A,N/A,N/A,85,N/A,88,29,N/A,86,67,65,81,28,26,75,N/A,89,98,93,74,89,92,83,91,99,141,21,98,N/A,74,98,74,73,N/A,66,23,N/A,82,85,103,89,50,85,80,57,35,48,67,67,39,N/A,34,64,59,47,71,35,52,65,34,54,75
2/3/2015,76,N/A,N/A,N/A,N/A,78,N/A,76,30,N/A,86,71,66,82,31,23,76,N/A,84,110,97,73,95,95,64,91,77,150,19,105,112,82,111,83,78,N/A,76,21,N/A,70,76,90,91,57,93,82,46,25,51,58,69,37,N/A,26,60,46,45,78,64,55,58,57,59,71
2/4/2015,78,87,N/A,N/A,N/A,88,N/A,95,30,N/A,93,79,81,98,32,28,83,N/A,96,116,110,83,102,100,81,111,95,139,17,105,156,85,110,82,90,N/A,83,22,N/A,66,66,78,95,51,83,105,48,26,63,61,69,33,N/A,32,55,39,47,65,60,59,58,63,47,79
2/5/2015,62,68,N/A,N/A,N/A,77,N/A,89,26,N/A,72,54,49,66,24,22,73,N/A,72,89,88,73,84,80,95,109,77,147,20,115,96,88,126,89,93,N/A,104,22,N/A,61,66,87,83,56,100,93,48,33,55,65,68,42,35,33,44,41,49,62,77,66,64,55,42,87
2/6/2015,72,76,N/A,N/A,N/A,86,N/A,95,28,N/A,83,67,56,78,27,25,76,N/A,85,108,99,80,95,93,95,113,95,140,19,130,97,105,137,101,112,N/A,95,23,N/A,70,71,89,85,58,98,93,52,42,39,58,68,37,34,39,61,46,49,65,N/A,75,63,58,50,98
2/7/2015,80,75,N/A,N/A,N/A,92,N/A,98,31,N/A,90,66,N/A,76,32,27,91,N/A,101,142,114,80,98,89,90,113,103,198,25,121,139,106,134,110,107,N/A,95,23,N/A,70,75,84,76,59,94,97,52,31,73,84,76,44,34,35,64,56,58,65,85,73,75,71,46,102
2/8/2015,91,85,N/A,N/A,N/A,107,N/A,112,34,N/A,104,93,N/A,105,39,35,94,N/A,105,124,121,89,107,109,122,144,112,199,23,134,N/A,93,133,97,111,N/A,109,33,N/A,69,77,99,99,67,118,99,58,34,66,88,94,46,36,37,69,57,61,80,96,79,88,88,50,95
2/9/2015,73,74,N/A,N/A,N/A,N/A,N/A,95,30,N/A,84,74,N/A,77,30,25,66,N/A,85,113,103,75,100,86,103,120,94,130,22,134,N/A,100,131,104,105,N/A,110,24,N/A,88,93,105,100,71,118,82,58,44,66,70,72,42,36,37,78,56,55,85,102,86,63,66,64,90
2/10/2015,80,87,N/A,N/A,N/A,95,N/A,109,32,N/A,96,74,N/A,88,31,29,87,N/A,108,109,118,93,105,109,94,124,102,184,26,129,N/A,108,130,99,112,N/A,128,35,N/A,87,86,106,92,64,112,101,61,44,82,99,79,44,38,38,76,60,67,78,100,85,75,79,58,98
2/11/2015,108,110,N/A,N/A,N/A,119,N/A,135,37,N/A,124,108,N/A,N/A,47,42,116,N/A,149,144,141,109,137,119,118,131,125,241,27,115,123,98,122,89,101,N/A,112,38,N/A,81,82,109,98,69,111,131,67,48,123,120,94,52,48,47,62,63,89,82,93,88,89,100,54,89
2/12/2015,59,57,N/A,N/A,N/A,74,N/A,79,26,N/A,71,70,N/A,71,27,32,47,N/A,62,73,66,56,72,69,75,103,72,161,23,88,53,76,77,60,68,N/A,92,23,N/A,75,81,109,103,79,131,128,71,51,93,144,75,57,48,49,68,63,93,76,105,73,73,114,66,N/A
2/13/2015,52,47,N/A,N/A,N/A,58,N/A,60,23,N/A,60,62,57,63,20,24,39,N/A,50,68,72,53,66,55,65,82,54,102,20,70,48,65,73,53,60,N/A,74,22,N/A,59,65,104,115,79,113,86,68,60,95,129,63,45,44,44,68,58,N/A,55,113,96,70,121,49,N/A
2/14/2015,46,40,N/A,N/A,N/A,50,N/A,49,22,N/A,51,57,57,57,22,21,40,N/A,53,62,60,44,56,46,49,72,48,74,17,56,42,47,55,43,47,N/A,54,19,N/A,57,71,80,77,49,75,74,64,50,94,72,44,40,36,43,51,53,77,53,82,58,36,89,47,45
2/15/2015,42,37,N/A,N/A,N/A,52,N/A,58,21,N/A,52,56,56,60,21,25,50,N/A,54,55,58,41,60,55,58,58,51,94,36,60,40,51,54,46,46,N/A,63,22,N/A,72,88,94,91,64,98,68,61,42,93,69,37,40,37,37,57,84,63,86,92,67,37,N/A,48,41
2/16/2015,45,38,N/A,N/A,N/A,56,N/A,56,21,N/A,57,57,N/A,60,23,25,42,N/A,48,58,62,43,59,51,61,69,50,99,17,55,38,58,63,48,51,N/A,71,21,N/A,87,93,130,120,75,141,68,48,45,100,82,50,33,33,32,69,57,70,108,111,80,50,N/A,60,54
2/17/2015,47,40,N/A,N/A,N/A,54,N/A,56,21,N/A,55,52,N/A,56,21,24,44,N/A,53,66,57,39,55,50,61,67,52,121,18,55,35,58,59,47,55,N/A,67,21,N/A,77,74,109,100,69,123,77,43,N/A,49,85,56,35,27,27,65,62,61,N/A,107,68,48,N/A,52,64
2/18/2015,46,38,N/A,N/A,N/A,45,N/A,45,20,N/A,44,45,55,45,17,19,35,N/A,42,58,51,36,51,43,54,63,42,153,17,44,29,52,49,41,46,N/A,58,19,N/A,68,76,100,87,64,111,62,39,N/A,66,88,50,27,25,23,56,80,64,80,102,59,42,N/A,50,52
2/19/2015,N/A,29,N/A,N/A,N/A,41,35,45,20,N/A,40,42,62,46,16,18,35,N/A,40,50,48,31,49,38,50,55,39,109,13,42,26,33,40,32,N/A,N/A,40,18,N/A,69,73,105,74,52,102,62,36,N/A,43,66,32,24,23,27,60,73,58,70,77,56,38,N/A,57,43
2/20/2015,26,28,N/A,N/A,N/A,36,40,41,19,N/A,39,35,48,43,17,18,40,N/A,43,41,40,26,48,34,39,49,53,81,14,34,13,28,37,31,33,N/A,36,18,N/A,57,66,88,83,51,66,52,38,N/A,58,61,33,27,21,24,50,53,46,67,63,55,37,N/A,54,34
2/21/2015,20,24,N/A,N/A,N/A,31,30,35,18,N/A,29,32,42,37,14,19,38,N/A,33,48,37,28,50,31,44,44,28,91,13,35,17,28,32,28,27,N/A,36,17,N/A,62,71,66,47,46,62,41,39,N/A,62,58,33,35,28,25,60,71,49,72,49,53,26,N/A,49,N/A
2/22/2015,20,22,N/A,N/A,N/A,29,25,28,17,N/A,28,31,43,34,15,15,26,N/A,30,41,37,23,41,25,52,38,24,72,11,38,20,29,34,26,28,N/A,34,16,N/A,83,88,125,77,58,87,37,33,27,40,45,32,27,25,26,69,87,47,80,69,72,31,N/A,57,35
2/23/2015,21,29,N/A,N/A,N/A,34,28,37,17,N/A,32,32,42,37,15,17,39,N/A,34,46,37,26,57,30,38,52,29,94,12,43,20,41,40,31,37,N/A,39,21,N/A,84,95,131,77,64,77,55,31,23,46,N/A,38,27,22,29,74,74,58,68,71,86,34,N/A,56,47
2/24/2015,29,38,N/A,N/A,N/A,40,36,48,19,N/A,39,38,44,43,16,19,38,N/A,41,64,45,34,50,25,51,68,39,109,15,42,29,39,36,31,36,N/A,44,19,N/A,70,72,136,79,94,125,84,42,37,69,N/A,44,28,21,29,72,68,66,80,88,85,37,N/A,74,45
2/25/2015,24,31,N/A,N/A,N/A,36,31,42,19,N/A,35,38,45,39,15,17,40,N/A,40,53,39,32,45,33,39,55,33,100,14,46,23,46,N/A,27,35,N/A,46,20,N/A,86,81,133,N/A,113,144,65,39,N/A,77,N/A,42,26,23,30,74,68,66,89,113,88,36,N/A,66,42
2/26/2015,26,31,N/A,N/A,N/A,35,31,41,19,N/A,33,36,47,40,15,16,40,N/A,38,49,41,33,51,31,36,49,31,64,14,39,23,41,35,31,35,N/A,42,17,N/A,85,76,121,N/A,138,98,66,44,N/A,94,N/A,40,28,22,30,68,77,75,76,102,103,36,N/A,69,40
2/27/2015,25,30,N/A,N/A,N/A,35,31,37,18,N/A,35,36,50,41,15,17,32,N/A,42,53,43,31,54,28,43,53,34,N/A,14,50,21,43,36,32,37,N/A,45,18,N/A,91,94,146,110,120,113,76,36,N/A,102,N/A,45,23,22,29,59,N/A,80,83,103,125,40,N/A,62,N/A
2/28/2015,23,28,N/A,N/A,N/A,36,35,34,18,N/A,38,36,53,39,15,16,40,N/A,35,53,36,28,40,31,48,49,43,69,15,43,21,37,38,26,30,N/A,47,18,N/A,90,109,153,113,153,105,74,33,N/A,107,N/A,41,24,24,28,74,N/A,70,108,145,106,41,74,73,42
3/1/2015,18,17,N/A,N/A,N/A,31,26,26,17,N/A,34,33,47,31,12,14,31,N/A,33,40,30,20,36,28,41,47,37,N/A,13,42,15,37,29,22,27,N/A,38,17,N/A,147,163,199,166,283,225,80,34,N/A,113,N/A,40,23,19,20,78,N/A,77,176,209,103,48,80,82,32
3/2/2015,24,31,N/A,N/A,N/A,33,32,44,19,N/A,35,36,44,43,16,19,42,N/A,41,53,44,28,58,22,35,45,34,71,12,54,23,37,28,29,33,N/A,34,17,N/A,157,184,229,189,197,217,65,38,N/A,68,N/A,41,30,28,22,97,132,126,185,176,143,35,84,78,56
3/3/2015,26,30,N/A,N/A,N/A,36,35,39,18,N/A,34,41,54,40,16,17,36,N/A,30,54,42,32,45,30,48,47,33,58,12,54,25,38,31,29,28,N/A,35,18,N/A,138,152,141,76,102,91,71,43,N/A,92,N/A,38,35,23,28,109,220,118,128,91,126,32,N/A,102,43
3/4/2015,33,31,N/A,N/A,N/A,40,33,40,19,N/A,36,37,48,42,16,18,36,N/A,55,55,38,31,44,32,45,46,38,69,14,47,28,37,26,25,29,N/A,41,20,N/A,86,96,123,96,139,97,65,45,32,88,N/A,36,31,26,38,108,199,85,67,94,126,34,N/A,91,34
3/5/2015,34,42,N/A,N/A,N/A,49,38,50,20,N/A,44,48,55,54,18,20,38,N/A,50,62,46,36,55,39,61,55,43,83,18,51,29,40,38,30,39,N/A,49,23,N/A,79,81,94,85,115,87,75,48,32,99,N/A,38,31,30,38,90,N/A,91,54,103,98,40,N/A,85,42
3/6/2015,29,33,N/A,N/A,N/A,43,37,43,20,N/A,37,40,51,42,15,17,32,N/A,34,52,42,30,47,38,43,48,38,68,14,48,27,37,33,27,33,N/A,47,22,N/A,108,109,157,129,198,149,75,55,36,86,N/A,38,29,23,33,105,191,118,81,148,131,31,N/A,95,37
3/7/2015,25,28,N/A,N/A,N/A,38,34,39,18,N/A,34,34,45,37,14,15,18,N/A,34,48,36,27,41,30,38,49,35,68,13,41,22,33,33,24,29,N/A,38,16,N/A,110,111,141,116,146,99,61,44,40,80,N/A,38,26,23,24,145,103,101,88,116,151,39,113,117,35
3/8/2015,17,21,N/A,N/A,N/A,29,24,23,16,N/A,24,19,42,25,11,12,10,N/A,27,38,28,18,32,22,33,40,24,63,11,37,15,33,31,19,21,N/A,33,16,N/A,108,121,122,101,130,87,55,34,N/A,89,N/A,33,21,19,21,142,133,113,94,113,136,38,N/A,144,25
3/9/2015,20,25,N/A,N/A,N/A,35,30,N/A,18,N/A,30,23,44,35,13,14,12,N/A,35,44,34,25,43,29,50,43,28,91,13,39,19,37,36,27,33,N/A,41,17,N/A,204,208,146,107,137,103,58,N/A,N/A,92,N/A,36,24,24,29,N/A,190,117,124,104,177,35,N/A,128,34
3/10/2015,29,30,N/A,N/A,N/A,41,32,N/A,18,N/A,37,N/A,48,40,15,16,15,N/A,43,53,39,31,44,27,54,56,35,95,14,47,26,45,32,30,38,N/A,50,18,N/A,233,246,163,113,112,99,68,N/A,N/A,99,N/A,36,27,22,26,201,249,115,168,110,190,39,N/A,147,N/A
3/11/2015,27,33,N/A,N/A,N/A,41,34,N/A,19,N/A,35,N/A,48,40,15,17,12,N/A,38,61,41,32,50,36,61,52,41,85,14,49,24,43,33,30,37,N/A,46,17,N/A,181,188,106,90,107,99,76,N/A,N/A,87,N/A,40,33,25,28,194,265,100,106,99,162,46,N/A,164,54
3/12/2015,37,39,N/A,N/A,N/A,50,40,50,21,N/A,44,N/A,55,49,18,18,13,N/A,43,62,51,39,61,41,55,58,44,82,15,51,32,55,44,38,48,N/A,55,20,N/A,141,150,100,91,98,93,71,N/A,N/A,105,N/A,46,32,25,26,157,222,86,100,105,114,43,N/A,140,48
3/13/2015,42,44,N/A,N/A,N/A,55,48,N/A,22,N/A,51,N/A,56,56,21,20,15,N/A,49,68,56,42,63,44,90,60,50,88,17,61,40,56,45,37,48,N/A,56,N/A,N/A,116,123,98,87,102,92,75,N/A,38,98,N/A,54,32,26,30,152,236,92,82,93,107,47,N/A,164,51
3/14/2015,38,36,N/A,N/A,N/A,46,42,N/A,21,N/A,43,N/A,53,49,17,19,13,N/A,47,59,49,37,53,39,81,56,40,79,15,55,33,46,52,35,41,N/A,48,N/A,N/A,95,109,91,74,122,79,76,N/A,N/A,72,N/A,51,24,20,29,152,285,97,68,83,108,41,N/A,151,67
3/15/2015,29,27,N/A,N/A,N/A,41,32,N/A,19,N/A,37,N/A,49,43,16,17,12,N/A,35,53,41,27,48,24,58,52,35,77,15,43,28,42,46,27,32,N/A,45,N/A,N/A,150,186,132,114,150,122,73,N/A,30,72,N/A,39,23,22,31,258,302,118,140,112,193,37,N/A,222,44
3/16/2015,33,35,N/A,N/A,N/A,41,38,N/A,20,N/A,35,N/A,49,N/A,17,17,13,N/A,42,51,44,33,54,29,53,50,36,68,16,40,29,46,51,34,40,N/A,45,N/A,N/A,258,296,207,154,178,166,75,N/A,36,82,N/A,41,27,25,38,259,304,172,207,164,274,36,N/A,210,63
3/17/2015,36,38,N/A,N/A,N/A,47,41,N/A,21,N/A,41,N/A,50,N/A,17,19,15,N/A,46,N/A,48,37,55,39,61,54,41,87,15,48,32,50,51,34,40,N/A,48,N/A,N/A,258,274,185,142,148,157,88,N/A,44,103,N/A,50,28,24,31,371,247,197,223,155,260,33,N/A,258,48
3/18/2015,35,39,N/A,N/A,N/A,48,41,N/A,20,N/A,42,N/A,55,N/A,19,19,16,N/A,44,46,48,35,58,39,72,57,42,68,18,48,32,45,46,31,39,N/A,52,N/A,N/A,179,178,161,124,139,140,93,55,N/A,110,N/A,45,32,28,35,353,192,161,140,119,200,34,N/A,291,37
3/19/2015,33,37,N/A,N/A,N/A,43,36,N/A,21,N/A,39,N/A,48,N/A,18,18,36,N/A,43,45,43,34,54,34,64,53,43,77,15,N/A,31,38,43,27,33,N/A,46,N/A,N/A,165,152,140,118,140,125,91,57,N/A,121,N/A,38,31,28,36,286,164,149,109,125,202,44,N/A,236,37
3/20/2015,34,44,N/A,N/A,N/A,50,40,61,20,N/A,43,N/A,58,N/A,19,19,57,N/A,46,49,48,36,72,46,66,60,52,92,18,53,34,41,46,32,41,N/A,57,N/A,N/A,183,175,180,133,166,142,96,61,53,131,N/A,50,38,38,43,231,185,130,144,127,198,46,N/A,235,42
3/21/2015,31,39,N/A,N/A,N/A,45,37,57,20,N/A,39,N/A,56,N/A,17,17,49,N/A,41,45,44,33,62,N/A,53,58,53,115,17,54,32,41,44,30,37,N/A,45,N/A,N/A,182,175,174,118,131,131,77,68,52,101,N/A,58,37,36,42,227,235,138,146,118,179,37,N/A,236,36
3/22/2015,32,32,N/A,N/A,N/A,42,39,50,21,N/A,36,N/A,59,N/A,19,18,55,N/A,44,N/A,46,33,50,38,43,41,40,89,13,42,36,44,57,35,39,N/A,51,N/A,N/A,77,81,77,70,70,82,55,62,N/A,84,N/A,52,40,40,40,106,206,87,66,90,88,49,N/A,130,52
3/23/2015,31,36,N/A,N/A,N/A,45,35,59,20,N/A,39,N/A,50,N/A,18,18,49,N/A,44,N/A,49,35,62,32,56,50,N/A,93,16,44,31,43,46,33,38,N/A,46,N/A,N/A,60,63,N/A,73,67,75,69,54,47,111,N/A,52,39,31,N/A,83,129,70,60,70,72,47,N/A,75,48
3/24/2015,44,49,N/A,N/A,N/A,60,46,57,22,N/A,55,N/A,65,N/A,24,22,74,N/A,58,N/A,64,48,64,56,59,55,N/A,122,15,55,42,51,56,43,50,N/A,52,N/A,N/A,61,52,57,51,49,53,57,54,33,60,N/A,65,28,29,N/A,46,131,50,55,57,44,50,N/A,36,44
3/25/2015,57,61,N/A,N/A,N/A,70,60,72,26,N/A,66,N/A,80,N/A,31,25,71,N/A,68,N/A,84,53,86,70,55,49,N/A,104,16,74,87,80,93,N/A,83,N/A,92,N/A,N/A,35,42,43,25,34,45,54,52,36,46,N/A,80,39,30,N/A,41,49,43,36,50,39,54,N/A,40,69
3/26/2015,52,55,N/A,N/A,N/A,62,48,62,24,N/A,56,N/A,70,N/A,24,22,67,N/A,63,N/A,74,52,77,64,46,N/A,N/A,108,13,60,92,67,94,69,84,N/A,82,N/A,N/A,27,32,27,N/A,19,30,52,45,37,36,61,64,38,27,30,22,44,25,27,37,20,61,N/A,22,78
3/27/2015,52,52,N/A,N/A,N/A,64,56,70,24,N/A,61,N/A,78,93,24,24,73,N/A,65,N/A,79,52,84,70,47,N/A,44,148,15,59,183,71,103,72,73,N/A,81,N/A,N/A,24,30,34,23,21,35,44,43,33,39,56,69,55,28,31,21,27,25,27,31,26,41,N/A,31,78
3/28/2015,64,61,N/A,N/A,N/A,76,56,82,27,N/A,68,N/A,N/A,102,31,23,71,N/A,62,80,85,62,86,55,60,78,54,161,N/A,69,97,58,80,58,63,N/A,64,N/A,N/A,29,35,41,27,30,40,71,46,N/A,37,50,65,61,31,33,32,39,29,30,39,29,53,N/A,36,53
3/29/2015,34,34,N/A,N/A,N/A,42,40,51,20,N/A,39,47,N/A,69,20,20,48,N/A,55,34,N/A,33,55,33,39,40,30,62,N/A,41,46,36,66,45,49,N/A,45,N/A,N/A,35,41,52,41,38,53,39,N/A,31,63,53,45,53,26,28,40,58,39,33,43,36,36,N/A,41,41
3/30/2015,22,24,N/A,N/A,N/A,36,32,43,18,N/A,30,N/A,53,57,15,16,32,N/A,43,41,N/A,25,45,26,43,53,19,90,N/A,38,20,36,42,29,33,N/A,40,N/A,N/A,54,57,46,45,41,44,54,N/A,N/A,71,60,47,41,27,29,52,66,53,47,56,49,37,73,42,40
3/31/2015,25,30,N/A,N/A,N/A,35,32,46,18,N/A,31,N/A,55,58,15,16,36,N/A,40,42,N/A,31,48,24,44,40,20,64,N/A,40,24,39,47,32,38,N/A,40,N/A,N/A,47,56,48,47,39,51,56,N/A,N/A,59,60,46,49,28,27,55,85,55,49,58,41,34,64,53,29
4/1/2015,N/A,N/A,N/A,N/A,N/A,44,37,51,19,N/A,37,N/A,59,65,21,18,38,N/A,48,45,N/A,34,52,33,46,49,25,81,N/A,50,30,36,43,29,34,N/A,40,N/A,N/A,64,68,71,63,42,57,56,N/A,N/A,45,61,52,33,23,30,60,135,57,66,67,55,24,62,86,47
4/2/2015,N/A,N/A,N/A,N/A,N/A,46,46,54,20,N/A,41,N/A,N/A,67,18,19,43,N/A,51,47,51,41,59,N/A,44,49,24,81,N/A,42,34,39,57,38,N/A,N/A,43,N/A,N/A,105,102,91,93,77,83,61,N/A,N/A,53,48,47,34,25,34,106,124,97,90,90,105,33,59,127,40
4/3/2015,N/A,N/A,N/A,N/A,N/A,53,49,60,20,N/A,49,N/A,N/A,73,23,19,48,N/A,49,60,65,47,86,64,51,71,42,112,N/A,44,49,46,50,35,N/A,N/A,57,N/A,N/A,104,104,101,79,76,82,96,N/A,25,61,52,70,38,34,43,125,95,117,81,103,107,36,102,119,48
4/4/2015,N/A,N/A,N/A,N/A,N/A,49,44,58,21,N/A,44,N/A,N/A,70,19,19,52,N/A,59,64,57,58,68,51,62,63,35,104,N/A,54,41,40,46,27,38,N/A,46,N/A,N/A,102,108,130,97,95,116,85,N/A,N/A,78,60,48,36,32,44,162,127,134,100,120,106,30,120,141,33
4/5/2015,N/A,N/A,N/A,N/A,N/A,42,44,47,19,N/A,38,N/A,N/A,59,15,17,34,N/A,40,38,37,30,48,N/A,50,62,29,74,N/A,47,30,31,33,N/A,25,N/A,34,N/A,N/A,128,135,141,90,114,107,73,N/A,N/A,71,52,42,30,25,34,214,159,131,120,106,137,40,132,193,43
4/6/2015,N/A,N/A,N/A,N/A,N/A,36,35,41,17,N/A,33,N/A,N/A,53,15,14,35,N/A,42,39,34,29,45,34,44,52,20,77,N/A,55,22,35,36,25,26,N/A,35,N/A,N/A,105,108,118,69,95,96,65,N/A,N/A,68,48,40,44,25,30,161,93,114,100,95,112,41,92,142,39
4/7/2015,N/A,N/A,N/A,N/A,N/A,43,37,49,19,N/A,39,N/A,N/A,60,15,16,35,N/A,40,45,40,31,52,46,42,52,26,63,N/A,41,22,42,34,26,32,N/A,43,N/A,N/A,129,117,139,105,113,115,77,N/A,N/A,90,71,45,33,26,28,116,128,126,116,108,120,39,88,94,45
4/8/2015,N/A,N/A,N/A,N/A,N/A,39,25,48,20,N/A,37,N/A,N/A,61,18,17,48,N/A,33,40,53,36,66,30,43,51,16,112,N/A,33,57,31,35,25,33,N/A,38,N/A,N/A,81,85,110,86,95,105,60,N/A,26,67,69,40,38,24,31,104,152,81,84,92,91,30,69,83,41
4/9/2015,N/A,N/A,N/A,N/A,N/A,48,46,67,22,N/A,45,N/A,N/A,79,23,19,55,N/A,62,52,63,43,72,41,41,56,33,144,49,39,65,38,38,32,36,N/A,41,N/A,N/A,62,68,75,49,68,N/A,61,N/A,N/A,64,59,45,28,24,N/A,50,93,65,57,71,55,42,112,51,38
4/10/2015,N/A,N/A,25,N/A,N/A,38,32,41,17,26,31,N/A,N/A,52,14,14,30,N/A,38,42,48,28,48,27,42,46,20,105,43,45,22,37,38,29,32,35,45,N/A,33,60,59,53,48,59,N/A,65,42,N/A,74,57,48,38,28,37,41,65,48,50,73,46,36,70,34,38
4/11/2015,31,N/A,24,N/A,N/A,33,29,42,17,28,29,N/A,N/A,50,15,13,32,N/A,38,35,49,25,45,N/A,39,44,20,74,42,41,22,37,37,28,29,26,33,N/A,33,63,68,62,43,51,59,53,45,N/A,33,50,40,31,27,38,33,92,29,69,62,32,38,41,33,23
4/12/2015,31,N/A,37,N/A,N/A,38,28,43,19,30,31,N/A,N/A,58,14,18,50,N/A,47,21,N/A,34,54,N/A,N/A,44,24,49,43,31,42,31,35,35,N/A,23,39,N/A,34,40,43,46,30,36,50,43,49,N/A,28,39,49,31,26,50,25,115,27,37,38,29,49,37,29,43
4/13/2015,51,N/A,64,N/A,N/A,52,39,59,24,48,50,N/A,N/A,85,25,18,48,N/A,56,52,64,43,69,N/A,N/A,69,46,63,56,57,75,38,44,47,N/A,31,43,N/A,47,23,35,N/A,23,22,N/A,44,33,27,57,52,47,26,25,N/A,32,42,32,39,37,30,49,49,25,40
4/14/2015,67,N/A,83,N/A,N/A,62,57,67,28,60,66,N/A,N/A,86,25,22,64,N/A,69,65,78,61,75,N/A,N/A,82,64,69,73,76,79,56,66,61,N/A,53,62,N/A,60,35,45,42,31,29,N/A,74,22,18,79,66,62,18,20,N/A,37,47,42,38,44,39,71,54,32,62
4/15/2015,76,N/A,82,N/A,N/A,80,76,78,29,72,78,N/A,N/A,95,29,26,79,N/A,82,75,95,68,85,N/A,N/A,97,77,91,90,73,77,70,84,69,N/A,62,79,N/A,75,50,55,54,74,46,N/A,78,30,N/A,96,94,84,17,14,N/A,51,60,50,43,83,52,65,74,33,69
4/16/2015,57,N/A,49,N/A,N/A,67,56,66,23,53,60,N/A,N/A,85,24,23,53,N/A,64,60,78,48,72,N/A,N/A,82,46,99,N/A,75,52,62,65,49,56,52,64,N/A,53,75,70,81,92,74,85,88,37,N/A,100,89,76,31,20,N/A,64,64,69,53,100,76,65,110,48,57
4/17/2015,47,N/A,39,N/A,N/A,49,44,58,21,44,45,N/A,N/A,72,21,18,39,N/A,48,53,68,37,61,N/A,N/A,62,32,71,61,60,40,49,55,41,44,46,49,N/A,46,61,57,85,81,80,82,76,39,N/A,92,70,61,26,23,N/A,55,71,96,50,101,85,52,107,43,53
4/18/2015,33,N/A,25,N/A,N/A,36,35,39,18,29,29,N/A,N/A,53,16,14,27,N/A,34,36,50,25,42,27,N/A,48,19,68,51,41,22,32,39,26,26,29,30,N/A,32,63,72,82,59,70,84,65,39,20,65,43,41,27,16,N/A,63,74,87,67,93,77,34,97,51,37
4/19/2015,31,N/A,18,N/A,N/A,30,28,33,17,25,N/A,N/A,N/A,49,12,13,23,N/A,32,33,45,24,38,N/A,N/A,44,18,69,45,39,23,26,31,17,19,19,27,N/A,26,69,73,70,62,67,68,55,53,27,62,N/A,32,24,15,N/A,62,67,84,59,81,72,24,90,45,20
4/20/2015,36,N/A,24,N/A,N/A,37,36,46,19,32,N/A,N/A,N/A,59,16,15,31,N/A,44,41,48,29,47,N/A,N/A,48,21,65,53,41,28,37,42,25,32,34,34,N/A,42,76,69,64,55,61,N/A,63,49,24,65,N/A,40,24,17,N/A,55,83,79,59,89,62,28,97,42,31
4/21/2015,44,N/A,45,N/A,N/A,46,42,54,20,38,44,N/A,54,67,19,18,40,N/A,51,48,59,39,62,47,N/A,62,31,84,65,45,41,40,61,42,46,46,48,N/A,47,82,75,72,69,74,N/A,72,35,N/A,91,N/A,54,30,N/A,N/A,84,75,85,58,100,83,38,110,61,42
4/22/2015,45,N/A,N/A,N/A,N/A,40,44,52,21,36,41,N/A,50,65,17,17,39,N/A,38,42,56,42,62,51,47,70,25,125,67,35,43,46,54,30,38,52,49,N/A,48,73,72,93,56,60,80,68,37,N/A,52,N/A,45,35,N/A,N/A,43,78,68,56,88,61,52,74,42,32
4/23/2015,37,N/A,33,N/A,N/A,36,29,50,20,31,36,N/A,48,60,18,14,38,N/A,45,35,46,31,49,36,47,45,23,89,42,34,35,38,56,42,49,44,47,N/A,38,43,44,41,28,26,40,32,35,N/A,37,N/A,43,25,N/A,N/A,31,45,31,35,35,31,30,38,24,34
4/24/2015,55,N/A,63,N/A,N/A,53,39,59,23,47,51,N/A,63,79,25,19,60,N/A,49,44,63,43,67,59,54,66,36,141,59,37,54,44,67,49,49,46,55,N/A,47,26,N/A,40,24,23,30,46,34,N/A,40,N/A,52,23,17,N/A,30,37,30,24,34,21,47,41,24,47
4/25/2015,46,N/A,53,N/A,N/A,46,42,64,22,42,43,N/A,60,80,21,21,60,N/A,52,39,61,44,62,N/A,37,38,29,86,30,33,44,40,68,44,59,43,47,N/A,41,35,27,47,34,31,36,30,32,N/A,30,N/A,35,33,21,N/A,32,39,28,36,35,31,30,27,32,67
4/26/2015,57,N/A,70,N/A,N/A,54,42,67,25,50,54,N/A,71,92,27,22,57,N/A,50,53,74,48,74,N/A,39,46,33,122,41,34,56,38,59,36,43,47,51,N/A,46,20,17,37,22,25,34,36,28,N/A,31,N/A,38,37,20,N/A,22,25,26,27,29,19,32,36,18,41
4/27/2015,39,N/A,50,N/A,N/A,41,36,49,20,37,42,N/A,56,71,17,18,54,N/A,N/A,42,52,35,57,N/A,40,39,25,127,42,37,35,37,52,38,39,37,48,N/A,40,20,13,25,22,26,31,39,30,N/A,40,N/A,41,26,18,N/A,27,21,33,17,33,24,33,34,17,36
4/28/2015,34,N/A,25,N/A,N/A,37,30,41,20,29,37,N/A,67,57,14,16,34,N/A,N/A,50,N/A,31,42,N/A,55,54,28,106,50,44,30,37,53,27,34,38,43,N/A,32,24,17,30,24,21,N/A,36,35,N/A,36,53,47,25,15,N/A,20,37,26,25,27,18,37,34,21,43
4/29/2015,30,N/A,18,N/A,N/A,34,25,42,18,26,28,N/A,57,57,13,14,32,N/A,N/A,40,N/A,25,44,N/A,53,57,28,103,52,34,N/A,36,49,28,34,39,43,N/A,39,33,20,31,23,21,31,49,41,12,43,42,36,27,17,N/A,23,N/A,20,30,30,20,40,43,16,34
4/30/2015,34,N/A,28,N/A,N/A,37,29,46,18,28,35,N/A,54,57,15,15,38,N/A,N/A,44,N/A,30,44,N/A,56,41,22,86,41,29,N/A,37,41,21,29,42,45,N/A,37,42,25,31,24,24,36,49,N/A,14,44,44,38,27,15,N/A,34,44,44,39,36,25,34,41,30,32
5/1/2015,28,N/A,18,N/A,N/A,28,33,28,17,22,24,N/A,44,48,12,13,29,N/A,N/A,24,29,22,42,N/A,39,39,8,62,42,22,18,41,39,26,28,26,43,N/A,27,68,34,55,42,37,57,45,36,8,38,37,37,16,13,N/A,50,65,47,50,57,44,32,43,36,25
5/2/2015,30,N/A,22,N/A,N/A,31,34,38,17,25,33,N/A,52,50,13,13,29,N/A,N/A,28,N/A,20,37,N/A,48,45,N/A,57,36,25,18,32,35,20,22,25,34,N/A,31,69,39,72,64,54,70,46,41,N/A,33,29,34,21,12,N/A,59,87,65,59,69,64,22,51,N/A,32
5/3/2015,34,N/A,30,N/A,N/A,35,36,46,19,31,39,N/A,51,55,17,16,33,N/A,N/A,33,37,27,45,N/A,59,42,25,50,38,36,31,34,40,25,27,30,36,N/A,34,82,41,85,75,61,79,59,37,N/A,31,27,35,22,12,N/A,57,84,77,76,82,74,20,52,N/A,35
5/4/2015,34,N/A,27,N/A,N/A,32,40,53,19,34,38,N/A,51,58,17,14,38,N/A,N/A,36,36,28,46,N/A,55,50,N/A,64,37,37,28,32,36,25,26,39,37,N/A,40,65,35,83,N/A,57,N/A,60,35,9,37,35,34,23,15,N/A,75,78,67,55,67,68,25,57,64,33
5/5/2015,31,N/A,26,N/A,N/A,32,32,45,19,30,35,N/A,49,56,18,14,39,N/A,N/A,45,37,29,43,N/A,57,54,19,65,47,35,28,32,33,22,24,32,43,N/A,38,58,32,60,56,47,N/A,57,N/A,10,40,35,38,33,19,N/A,68,71,52,53,63,53,24,59,57,32
5/6/2015,32,N/A,27,N/A,N/A,32,27,41,19,29,37,N/A,42,56,16,14,37,N/A,N/A,55,40,30,43,N/A,45,49,30,56,51,31,24,36,35,18,24,38,43,N/A,35,58,31,55,38,44,N/A,59,N/A,11,39,39,36,38,17,N/A,N/A,57,55,49,57,44,22,49,53,28
5/7/2015,29,N/A,20,N/A,N/A,26,27,41,18,28,25,N/A,43,53,14,12,34,N/A,N/A,39,27,24,41,N/A,46,50,25,57,42,31,24,34,32,17,22,42,41,N/A,35,53,68,33,31,35,N/A,53,N/A,11,44,35,35,44,23,N/A,N/A,50,52,42,46,41,25,56,56,23
5/8/2015,26,N/A,19,N/A,N/A,30,28,46,17,25,28,N/A,51,52,14,12,30,N/A,N/A,33,28,22,41,29,56,41,21,53,37,36,19,28,30,20,21,N/A,36,N/A,38,57,87,54,46,48,N/A,60,32,12,35,28,32,74,26,N/A,54,N/A,51,48,57,46,27,53,59,23
5/9/2015,29,N/A,22,N/A,N/A,28,33,42,18,25,28,N/A,50,53,13,12,42,N/A,N/A,42,28,22,38,28,48,47,24,48,43,32,31,29,31,19,19,24,36,N/A,27,40,78,47,35,38,N/A,51,N/A,16,39,30,28,33,N/A,N/A,42,63,31,43,45,35,25,47,36,27
5/10/2015,29,N/A,20,N/A,N/A,32,34,38,17,31,29,N/A,48,51,14,12,43,N/A,N/A,45,25,21,33,27,45,43,31,65,34,36,26,23,30,17,N/A,N/A,29,N/A,27,57,87,63,55,49,55,58,N/A,12,26,34,25,44,N/A,N/A,39,61,41,48,50,45,26,48,34,42
5/11/2015,26,N/A,15,N/A,N/A,27,25,42,16,26,23,N/A,46,48,16,11,41,N/A,N/A,34,25,20,37,24,32,39,17,66,30,40,27,21,28,18,N/A,N/A,26,N/A,25,80,99,70,47,49,64,N/A,N/A,12,41,36,29,30,N/A,N/A,64,63,59,52,65,58,20,51,41,27
5/12/2015,30,N/A,22,N/A,N/A,27,30,45,17,27,24,N/A,56,50,13,11,36,N/A,N/A,33,30,23,43,23,33,41,22,54,27,39,24,23,25,18,16,32,27,N/A,26,71,63,70,54,56,74,N/A,N/A,14,54,36,32,33,N/A,N/A,61,N/A,55,52,72,62,25,54,50,43
5/13/2015,22,N/A,19,N/A,N/A,27,25,48,18,24,25,N/A,39,50,14,12,49,N/A,N/A,35,25,21,44,34,38,29,18,114,22,32,25,18,29,19,15,22,23,N/A,30,73,65,47,37,43,52,N/A,N/A,15,38,23,24,27,18,N/A,52,N/A,52,42,54,50,24,47,37,32
5/14/2015,21,N/A,15,N/A,N/A,26,22,36,17,19,24,N/A,43,42,12,10,34,N/A,N/A,28,24,17,39,17,33,30,13,65,25,20,20,19,36,22,31,18,25,N/A,25,82,52,45,32,37,47,N/A,N/A,14,22,33,26,45,16,N/A,47,55,41,40,43,45,17,44,42,21
5/15/2015,25,N/A,21,N/A,N/A,24,26,35,17,21,22,N/A,56,46,12,11,35,N/A,N/A,28,31,19,39,25,23,24,16,46,35,20,24,27,46,27,28,35,33,N/A,27,46,39,29,22,29,34,N/A,N/A,18,21,31,29,17,15,N/A,42,43,34,32,35,36,31,32,28,43
5/16/2015,23,N/A,15,N/A,N/A,24,20,29,17,18,21,N/A,56,40,10,11,31,N/A,N/A,35,25,20,N/A,17,29,30,14,39,32,22,21,25,26,17,17,27,33,N/A,22,33,29,28,17,27,N/A,N/A,N/A,16,31,24,28,33,18,N/A,35,27,38,24,34,27,18,34,35,44
5/17/2015,28,N/A,25,N/A,N/A,20,14,23,17,18,18,N/A,48,38,12,9,20,N/A,N/A,33,26,18,N/A,16,24,24,17,33,35,16,33,29,36,16,18,16,27,N/A,19,25,25,18,N/A,14,N/A,N/A,N/A,15,26,21,23,15,11,N/A,28,N/A,28,16,23,21,21,31,19,22
5/18/2015,22,N/A,19,N/A,N/A,18,24,20,16,14,17,N/A,42,38,11,9,21,N/A,N/A,28,25,18,N/A,17,18,20,N/A,39,25,16,28,N/A,37,N/A,19,25,29,N/A,20,20,17,14,14,16,N/A,27,N/A,15,29,24,24,17,15,N/A,21,10,20,10,21,9,27,31,26,36
5/19/2015,24,N/A,21,N/A,N/A,23,20,26,16,19,20,N/A,55,42,12,9,29,N/A,27,32,29,19,N/A,21,21,20,N/A,45,33,17,25,N/A,31,21,20,25,28,N/A,20,16,N/A,17,8,18,N/A,19,N/A,16,36,23,23,20,15,N/A,16,15,19,13,24,10,20,25,16,31
5/20/2015,21,N/A,22,N/A,N/A,21,18,21,17,17,19,N/A,47,43,12,8,25,N/A,21,30,29,18,N/A,23,20,14,N/A,36,29,17,28,21,27,20,22,25,29,N/A,21,14,21,14,10,22,N/A,27,N/A,18,23,28,24,15,13,N/A,19,15,16,14,25,9,27,17,28,29
5/21/2015,21,N/A,18,N/A,N/A,16,19,20,17,15,14,N/A,54,45,8,8,21,N/A,29,30,27,16,N/A,12,19,20,N/A,42,28,14,16,17,24,14,19,22,24,N/A,18,18,23,12,12,24,14,21,N/A,13,18,27,20,20,16,N/A,17,15,22,15,21,12,19,24,19,22
5/22/2015,17,N/A,12,N/A,N/A,16,17,19,16,12,15,N/A,45,35,9,7,18,N/A,20,17,30,17,N/A,13,21,22,N/A,52,24,14,14,22,27,19,19,24,N/A,N/A,19,17,22,19,17,22,19,25,N/A,15,22,18,21,20,12,N/A,15,16,19,12,19,9,24,29,29,20
5/23/2015,21,N/A,12,N/A,N/A,18,21,25,16,15,17,N/A,78,38,7,8,23,N/A,27,24,27,19,N/A,17,28,29,N/A,55,34,18,16,19,24,17,20,17,21,N/A,21,19,22,16,12,N/A,14,25,N/A,15,22,23,25,26,20,N/A,19,N/A,23,15,20,8,18,27,21,23
5/24/2015,29,N/A,N/A,N/A,N/A,24,24,N/A,20,19,21,N/A,71,N/A,12,11,23,N/A,28,25,34,25,N/A,27,29,31,N/A,64,31,20,25,24,25,21,23,15,25,N/A,21,24,25,24,21,N/A,24,28,N/A,15,30,33,30,21,15,N/A,25,N/A,23,20,23,14,20,29,29,25
5/25/2015,26,N/A,N/A,N/A,N/A,28,26,N/A,17,21,24,N/A,65,N/A,12,9,30,N/A,32,36,34,24,N/A,26,29,32,N/A,58,32,23,26,23,25,21,23,26,27,N/A,23,40,40,41,32,26,35,27,N/A,20,34,27,27,17,13,N/A,33,N/A,32,32,28,24,23,35,33,27
5/26/2015,N/A,N/A,25,N/A,N/A,32,29,N/A,18,25,28,N/A,66,N/A,15,11,31,N/A,39,46,43,25,44,25,33,36,15,60,35,29,27,26,N/A,24,28,32,35,N/A,29,40,38,37,29,37,32,37,N/A,19,31,33,N/A,22,15,N/A,40,N/A,34,30,37,33,26,37,49,24
5/27/2015,31,N/A,31,27,N/A,29,30,N/A,19,26,30,N/A,47,N/A,15,12,34,N/A,34,44,37,26,41,23,32,30,15,45,36,25,27,23,N/A,20,24,22,16,N/A,20,38,32,43,30,25,26,35,N/A,29,34,35,23,23,15,N/A,38,34,38,33,36,34,26,37,52,46
5/28/2015,26,N/A,20,18,N/A,26,23,34,17,20,25,N/A,52,N/A,13,12,29,N/A,30,26,36,20,38,28,37,22,15,58,27,22,25,21,27,18,24,23,29,N/A,26,43,36,N/A,22,25,24,30,N/A,20,31,27,13,20,15,N/A,35,N/A,19,25,22,20,24,42,41,38
5/29/2015,25,N/A,21,20,N/A,25,24,27,17,19,20,N/A,51,N/A,13,11,33,N/A,30,22,36,19,38,31,N/A,24,14,52,41,18,24,21,22,18,22,23,41,N/A,25,42,35,29,18,25,25,32,N/A,18,34,30,20,21,16,N/A,34,N/A,25,29,35,29,N/A,37,42,20
5/30/2015,28,N/A,29,22,N/A,27,24,27,18,21,23,N/A,43,N/A,14,11,29,N/A,33,29,42,26,34,40,N/A,22,N/A,38,39,20,34,21,24,16,21,16,24,N/A,18,29,33,19,33,24,24,26,32,21,30,29,26,24,23,41,35,37,27,18,31,22,25,30,45,39
5/31/2015,26,N/A,20,21,N/A,26,26,27,17,20,23,N/A,53,N/A,13,11,27,N/A,28,25,38,22,34,27,N/A,N/A,N/A,42,40,19,25,27,26,23,24,17,32,N/A,21,22,25,21,18,19,19,22,26,19,34,28,25,27,16,41,27,18,27,16,27,20,22,33,30,42
6/1/2015,24,N/A,19,15,N/A,19,22,23,16,16,17,N/A,44,N/A,11,10,24,N/A,25,22,31,14,27,21,N/A,N/A,N/A,44,30,13,18,26,23,15,18,12,26,N/A,15,19,22,24,13,15,19,31,27,21,25,30,N/A,19,14,N/A,22,14,21,11,24,14,25,30,36,31
6/2/2015,27,N/A,30,21,N/A,25,N/A,30,19,23,30,N/A,55,N/A,14,12,31,N/A,27,35,36,21,45,31,N/A,N/A,N/A,48,32,22,27,29,22,21,21,21,35,N/A,29,25,24,31,19,15,17,36,25,13,25,28,N/A,24,19,N/A,33,16,23,15,30,16,21,28,31,35
6/3/2015,30,N/A,35,25,N/A,37,29,54,19,27,33,N/A,46,N/A,14,16,53,N/A,38,30,34,30,42,36,N/A,N/A,N/A,62,21,23,46,20,24,17,18,N/A,27,N/A,27,33,28,29,25,16,18,28,27,17,20,32,23,25,19,27,33,21,27,20,N/A,22,26,26,41,25
6/4/2015,21,N/A,12,N/A,N/A,29,23,36,16,18,21,N/A,52,42,11,15,32,N/A,33,26,24,20,35,27,34,24,N/A,56,24,22,18,20,18,18,N/A,26,24,N/A,24,29,N/A,29,18,15,24,N/A,30,20,21,25,27,31,23,35,24,22,21,20,N/A,16,32,23,44,28
6/5/2015,26,N/A,25,N/A,N/A,28,26,30,18,22,28,N/A,57,46,11,15,33,N/A,30,26,34,22,37,19,24,29,N/A,N/A,29,20,22,27,20,18,N/A,22,27,N/A,26,26,N/A,22,14,17,19,N/A,33,N/A,28,30,17,35,19,38,23,17,30,15,N/A,19,16,35,26,27
6/6/2015,29,N/A,25,N/A,N/A,24,26,34,18,20,23,N/A,48,47,13,13,30,N/A,27,29,N/A,25,38,24,19,26,15,N/A,36,20,27,26,26,18,18,22,28,N/A,24,20,20,24,18,13,16,35,35,N/A,32,26,24,26,19,34,19,16,31,11,31,20,27,33,33,26
6/7/2015,23,N/A,20,N/A,N/A,24,22,28,17,18,22,N/A,52,38,10,13,23,N/A,26,17,N/A,17,33,21,23,24,13,N/A,33,23,18,25,21,16,18,16,26,N/A,19,19,17,28,N/A,15,21,33,36,N/A,28,32,26,29,20,40,15,24,27,12,26,13,24,N/A,22,N/A
6/8/2015,21,N/A,N/A,N/A,N/A,21,25,32,19,19,28,N/A,49,46,13,14,43,N/A,N/A,22,N/A,19,44,27,32,23,15,N/A,N/A,20,20,20,23,N/A,22,21,29,N/A,27,27,24,32,16,16,16,35,29,N/A,18,27,9,22,16,38,18,21,22,14,27,15,22,41,24,30
6/9/2015,23,N/A,14,N/A,N/A,N/A,24,30,17,18,29,N/A,41,48,13,13,27,N/A,N/A,22,N/A,20,40,20,29,16,9,N/A,N/A,19,21,24,18,20,21,21,35,N/A,20,16,17,13,14,14,13,29,32,N/A,19,21,N/A,16,11,32,18,15,16,10,22,10,17,24,N/A,N/A
6/10/2015,22,N/A,15,21,N/A,25,11,31,16,21,31,N/A,42,44,13,14,32,N/A,N/A,30,23,19,38,21,30,25,11,53,36,21,17,27,22,19,20,N/A,30,N/A,17,15,N/A,20,13,14,19,24,28,N/A,14,29,N/A,21,16,30,16,12,23,11,21,12,19,22,N/A,44
6/11/2015,22,N/A,18,17,N/A,22,14,29,17,16,28,N/A,86,39,12,12,26,N/A,24,23,22,20,33,21,27,24,N/A,50,39,18,21,23,28,16,17,N/A,22,N/A,19,17,17,24,14,14,12,33,28,N/A,23,26,N/A,32,16,29,21,11,23,10,22,11,23,34,N/A,39
6/12/2015,23,N/A,20,18,N/A,22,10,32,17,17,29,N/A,54,40,12,13,31,N/A,26,29,20,18,34,31,35,29,N/A,61,32,21,20,32,31,16,N/A,36,31,N/A,32,15,17,29,10,12,18,31,21,N/A,26,30,29,28,15,33,21,13,17,12,28,13,18,29,N/A,32
6/13/2015,N/A,N/A,20,17,N/A,25,13,36,19,18,29,N/A,49,48,17,16,35,N/A,27,25,25,24,37,24,39,24,N/A,51,28,19,23,18,27,17,N/A,N/A,23,N/A,22,18,15,35,13,11,19,39,21,N/A,26,31,26,18,12,28,18,13,16,10,20,10,27,32,24,37
6/14/2015,N/A,N/A,19,19,N/A,22,N/A,29,17,18,28,N/A,39,44,12,14,33,N/A,27,20,N/A,18,30,25,25,27,N/A,51,26,14,19,17,29,22,N/A,N/A,26,N/A,21,19,15,20,N/A,12,15,29,24,N/A,26,34,22,22,13,23,16,15,20,12,21,9,25,20,27,40
6/15/2015,N/A,N/A,8,22,N/A,24,9,31,16,18,30,N/A,38,46,10,14,36,N/A,24,26,N/A,17,35,19,23,25,N/A,68,23,14,14,23,32,20,N/A,25,22,N/A,19,21,16,14,9,10,14,26,19,N/A,28,28,30,16,10,24,13,18,13,11,20,7,26,32,N/A,48
6/16/2015,N/A,N/A,18,20,N/A,22,13,37,17,19,27,N/A,51,46,11,14,30,N/A,25,23,N/A,16,43,30,40,24,N/A,98,24,18,21,19,25,19,18,23,21,N/A,24,14,17,24,13,13,16,36,19,N/A,29,23,21,19,13,28,18,15,18,12,23,10,22,27,N/A,36
6/17/2015,N/A,N/A,23,8,N/A,15,N/A,27,18,14,21,N/A,40,43,10,13,29,N/A,24,27,N/A,18,34,21,23,16,N/A,42,18,14,20,16,22,16,14,16,20,N/A,23,24,22,22,17,18,22,25,17,N/A,18,19,18,31,20,34,27,20,20,16,25,16,18,33,N/A,28
6/18/2015,N/A,N/A,30,21,N/A,26,N/A,25,17,17,28,N/A,52,52,12,13,32,N/A,30,35,N/A,18,42,22,28,16,N/A,35,18,15,26,15,22,19,17,16,24,N/A,20,27,20,16,15,15,22,25,N/A,N/A,21,21,15,25,21,37,24,18,20,14,24,15,10,24,N/A,28
6/19/2015,N/A,N/A,32,25,N/A,32,N/A,29,20,25,33,N/A,56,50,18,15,35,N/A,32,38,37,27,49,40,25,19,N/A,48,26,18,39,23,26,27,28,24,32,N/A,21,20,14,10,22,15,17,26,N/A,N/A,24,23,27,28,27,47,21,N/A,20,N/A,24,13,16,37,N/A,39
6/20/2015,N/A,N/A,34,33,N/A,25,N/A,29,19,21,31,N/A,56,52,17,22,33,N/A,27,40,34,28,40,31,22,19,N/A,45,37,15,31,22,27,16,21,17,28,N/A,20,17,21,20,17,18,18,26,N/A,N/A,28,32,29,39,33,47,18,17,20,N/A,27,13,30,23,N/A,35
6/21/2015,N/A,N/A,24,N/A,N/A,19,N/A,20,16,16,24,N/A,44,39,15,14,23,N/A,N/A,26,24,16,31,24,19,15,N/A,35,34,13,24,25,29,20,22,13,31,N/A,15,19,18,35,14,17,23,27,N/A,N/A,24,26,28,32,34,50,13,17,26,13,23,12,24,22,N/A,34
6/22/2015,N/A,N/A,37,N/A,N/A,25,N/A,30,19,25,34,N/A,58,48,18,15,31,N/A,29,34,40,28,50,42,24,26,N/A,49,43,24,37,34,38,35,38,31,51,N/A,31,24,21,34,22,21,29,32,N/A,N/A,26,38,36,47,40,61,16,17,23,18,32,15,30,19,N/A,39
6/23/2015,N/A,N/A,38,N/A,N/A,28,N/A,27,20,25,30,N/A,N/A,51,17,16,29,N/A,29,42,36,29,55,38,29,23,N/A,44,38,24,45,25,33,21,32,29,40,N/A,26,34,26,32,17,21,27,30,46,N/A,37,35,29,56,39,64,19,16,20,15,26,13,28,24,N/A,36
6/24/2015,N/A,N/A,30,N/A,N/A,24,N/A,27,18,21,30,N/A,N/A,46,15,13,27,N/A,32,32,27,22,56,33,22,N/A,N/A,30,31,17,31,24,37,23,27,22,31,N/A,20,34,29,39,25,32,29,29,40,N/A,26,28,29,65,44,68,26,17,26,21,29,21,19,28,N/A,24
6/25/2015,N/A,N/A,14,N/A,N/A,18,N/A,22,16,17,16,N/A,N/A,N/A,11,12,24,N/A,20,21,23,15,38,24,19,N/A,N/A,30,N/A,17,16,20,29,20,N/A,19,31,N/A,17,24,26,N/A,14,19,21,27,42,N/A,25,27,28,61,44,83,21,15,23,13,24,19,26,32,N/A,35
6/26/2015,N/A,N/A,17,N/A,N/A,21,N/A,28,17,18,21,N/A,N/A,N/A,11,12,29,N/A,24,24,30,22,38,23,24,N/A,N/A,35,N/A,21,17,22,32,22,28,28,27,N/A,23,14,20,17,11,11,18,25,46,N/A,25,27,23,60,46,78,15,12,N/A,13,25,10,18,23,N/A,41
6/27/2015,42,N/A,12,N/A,N/A,19,N/A,20,16,15,17,N/A,N/A,N/A,11,12,26,N/A,23,22,29,16,32,21,32,N/A,N/A,37,23,14,16,23,27,21,26,20,25,N/A,22,18,26,18,12,13,19,25,61,N/A,25,22,24,59,49,61,26,14,N/A,14,23,12,31,21,N/A,28
6/28/2015,41,N/A,13,N/A,N/A,21,N/A,24,18,16,17,N/A,N/A,N/A,10,13,29,N/A,24,23,26,20,33,24,26,N/A,N/A,53,24,17,16,29,41,26,29,27,34,N/A,27,20,23,19,11,18,24,22,52,N/A,23,23,32,43,37,70,20,17,N/A,13,23,15,22,30,26,44
6/29/2015,51,N/A,22,N/A,N/A,23,N/A,26,18,22,21,N/A,N/A,N/A,13,13,29,N/A,23,25,22,16,31,18,23,N/A,N/A,N/A,18,13,22,19,31,17,26,24,23,N/A,23,27,28,22,20,18,24,27,31,N/A,21,23,21,53,35,60,22,17,N/A,16,21,15,23,27,21,32
6/30/2015,57,N/A,31,N/A,N/A,22,N/A,27,20,23,24,N/A,N/A,N/A,16,13,29,N/A,25,33,31,21,44,27,20,N/A,N/A,54,30,21,36,31,32,27,30,24,38,N/A,18,32,31,29,19,22,27,26,N/A,N/A,26,27,29,45,36,55,24,20,28,21,29,20,26,25,18,32
7/1/2015,55,N/A,31,N/A,N/A,24,29,28,19,23,24,N/A,58,N/A,14,15,34,N/A,33,31,31,27,42,31,25,N/A,N/A,49,36,19,31,26,34,N/A,25,23,34,N/A,22,32,32,34,32,23,29,49,N/A,N/A,34,38,34,33,N/A,39,22,22,38,22,32,21,31,29,14,34
7/2/2015,51,N/A,35,N/A,N/A,27,25,32,20,28,31,N/A,63,N/A,16,14,34,N/A,33,44,35,33,52,30,27,N/A,N/A,58,48,19,42,28,34,28,32,21,36,N/A,20,38,35,47,42,32,36,49,N/A,N/A,40,49,33,30,N/A,40,25,23,39,27,41,25,44,39,19,37
7/3/2015,56,N/A,44,N/A,N/A,30,23,37,19,26,31,N/A,60,N/A,17,16,30,N/A,31,45,31,29,53,34,26,N/A,N/A,54,43,18,39,29,34,33,29,25,36,N/A,24,32,31,33,23,23,28,40,31,N/A,30,37,28,20,N/A,32,18,18,27,21,31,15,33,31,19,30
7/4/2015,65,N/A,49,33,N/A,36,37,43,22,38,37,N/A,74,N/A,N/A,16,39,N/A,35,55,48,39,58,52,33,N/A,N/A,64,55,31,50,40,43,37,36,32,44,N/A,31,31,35,30,27,26,32,43,31,N/A,32,45,38,16,N/A,31,28,74,32,25,36,25,39,42,16,51
7/5/2015,50,N/A,20,17,N/A,24,23,23,17,21,21,N/A,51,N/A,13,17,21,N/A,23,28,31,17,38,26,34,N/A,N/A,42,45,17,N/A,29,32,31,26,21,29,N/A,22,19,20,15,18,17,20,24,N/A,N/A,30,30,31,19,20,35,21,48,18,16,21,14,30,31,21,32
7/6/2015,46,N/A,25,32,N/A,28,28,38,20,26,26,N/A,58,N/A,14,15,35,N/A,38,40,50,27,46,30,31,N/A,N/A,49,38,27,N/A,36,38,33,30,36,39,N/A,32,25,23,27,17,19,24,38,N/A,N/A,26,42,N/A,18,25,31,16,23,20,19,24,12,30,30,19,45
7/7/2015,56,N/A,42,41,N/A,46,41,51,22,41,43,N/A,77,N/A,22,18,48,N/A,47,59,49,38,64,46,45,N/A,N/A,65,52,44,N/A,43,57,39,43,51,48,N/A,43,27,26,31,21,27,29,52,26,N/A,37,51,53,16,21,26,14,21,26,19,35,12,41,43,17,62
7/8/2015,76,N/A,67,N/A,N/A,54,48,67,27,49,50,N/A,88,N/A,27,21,56,N/A,56,69,60,49,72,60,48,N/A,N/A,100,64,47,59,59,73,56,61,59,61,N/A,52,26,22,29,19,16,28,51,32,25,17,53,62,18,13,37,20,24,16,19,21,7,50,22,23,59
7/9/2015,81,N/A,74,N/A,N/A,57,50,67,27,57,57,N/A,85,N/A,31,23,59,N/A,54,61,68,50,84,70,48,N/A,N/A,97,63,48,62,66,75,65,73,55,73,N/A,53,19,26,22,17,18,24,46,36,N/A,21,59,65,21,18,33,16,25,15,18,21,12,41,22,N/A,56
7/10/2015,71,N/A,58,N/A,N/A,51,50,58,24,48,51,N/A,79,N/A,25,23,54,N/A,50,67,63,50,80,58,46,N/A,N/A,77,61,43,57,57,60,58,59,50,63,N/A,50,32,39,44,36,29,40,52,47,N/A,45,55,58,14,13,31,27,32,25,28,42,36,50,46,N/A,62
7/11/2015,60,N/A,41,N/A,N/A,42,40,45,21,39,39,N/A,73,N/A,19,20,42,N/A,47,61,48,37,56,48,37,N/A,N/A,61,55,24,49,47,52,72,48,40,50,N/A,40,23,27,31,32,21,31,45,37,N/A,35,53,53,21,17,36,18,30,26,27,31,19,40,33,N/A,39
7/12/2015,43,N/A,19,N/A,N/A,N/A,19,23,17,17,18,N/A,49,N/A,12,N/A,29,N/A,26,22,21,20,32,23,21,N/A,N/A,37,37,N/A,23,29,35,49,26,21,28,N/A,19,23,27,21,14,16,26,25,26,33,31,36,25,25,18,27,14,N/A,13,20,20,8,35,35,N/A,47
7/13/2015,51,N/A,31,N/A,N/A,N/A,27,35,18,26,29,N/A,55,N/A,15,N/A,33,N/A,33,37,33,27,45,32,26,N/A,N/A,42,37,N/A,37,33,36,33,30,36,35,N/A,32,27,31,18,12,22,20,29,23,29,27,33,43,23,13,28,20,N/A,20,17,20,11,32,25,N/A,33
7/14/2015,53,N/A,32,N/A,N/A,33,33,44,20,34,33,N/A,65,N/A,17,N/A,N/A,N/A,40,41,36,28,48,36,35,N/A,N/A,71,35,32,39,28,30,36,29,32,39,N/A,29,28,26,19,21,22,23,32,20,33,21,35,45,16,17,26,19,N/A,20,16,20,10,30,25,N/A,26
7/15/2015,38,N/A,24,N/A,N/A,24,26,N/A,17,21,24,N/A,60,N/A,14,N/A,N/A,N/A,26,30,30,19,39,24,29,N/A,N/A,52,31,23,20,26,29,27,N/A,37,30,N/A,21,23,26,23,22,19,24,N/A,19,33,29,34,29,21,13,24,16,N/A,19,16,25,8,20,30,N/A,27
7/16/2015,38,N/A,13,N/A,N/A,18,19,N/A,16,15,16,N/A,45,N/A,10,N/A,N/A,N/A,28,25,24,18,35,20,24,N/A,N/A,41,23,20,13,23,36,26,N/A,28,29,N/A,20,18,22,15,19,22,19,14,25,32,28,24,26,24,23,42,14,N/A,20,11,21,7,25,23,N/A,29
7/17/2015,32,N/A,12,24,N/A,18,N/A,N/A,17,18,19,N/A,47,N/A,11,N/A,N/A,N/A,22,23,26,24,46,20,N/A,N/A,N/A,50,21,20,13,23,40,28,N/A,31,28,N/A,26,14,20,20,26,20,21,11,25,27,27,23,29,21,31,56,15,16,17,11,19,7,23,26,N/A,31
7/18/2015,33,N/A,13,23,N/A,18,N/A,N/A,16,15,17,N/A,45,N/A,10,N/A,28,N/A,25,24,32,26,34,20,N/A,N/A,N/A,45,23,23,17,27,38,30,31,33,27,N/A,23,16,21,22,18,23,23,18,28,43,25,22,31,19,27,45,16,15,22,16,24,8,27,36,N/A,36
7/19/2015,31,N/A,13,21,N/A,17,N/A,N/A,16,16,15,N/A,43,N/A,9,N/A,23,N/A,26,19,23,23,31,18,N/A,N/A,N/A,37,24,22,14,20,32,23,22,21,21,N/A,20,18,19,20,17,19,23,23,24,28,25,23,24,16,20,27,15,15,22,12,27,8,27,37,N/A,37
7/20/2015,21,N/A,15,20,N/A,18,N/A,N/A,16,17,17,N/A,42,N/A,11,N/A,24,N/A,21,21,27,18,44,16,N/A,N/A,N/A,45,18,22,16,18,33,23,16,25,19,N/A,23,N/A,33,29,17,23,23,25,17,26,20,18,21,18,18,36,16,23,18,19,29,10,20,31,N/A,24
7/21/2015,26,N/A,11,19,N/A,20,N/A,N/A,16,14,15,N/A,42,N/A,9,N/A,27,N/A,23,15,25,21,40,17,N/A,N/A,N/A,61,18,20,13,17,32,23,18,28,20,N/A,22,N/A,25,14,11,13,15,17,25,29,21,19,21,13,15,28,17,19,17,13,18,7,19,37,N/A,23
7/22/2015,36,N/A,17,25,N/A,26,N/A,N/A,22,19,19,N/A,52,N/A,12,N/A,30,N/A,26,22,31,20,38,20,N/A,N/A,N/A,45,28,24,22,16,27,22,16,31,20,N/A,22,15,25,12,13,19,17,34,33,38,26,27,24,20,21,31,13,18,11,8,18,8,30,27,N/A,30
7/23/2015,37,N/A,14,16,N/A,24,N/A,N/A,17,16,17,N/A,42,N/A,10,N/A,28,N/A,20,21,33,21,33,18,N/A,25,N/A,37,36,30,14,23,29,21,15,28,27,N/A,22,21,30,16,17,25,21,28,34,41,29,31,25,24,27,37,17,N/A,21,13,27,12,33,37,N/A,32
7/24/2015,44,N/A,27,28,N/A,29,N/A,N/A,18,21,28,N/A,54,N/A,12,N/A,33,N/A,30,29,41,24,39,23,N/A,28,N/A,47,41,28,28,27,33,27,26,34,35,N/A,25,15,23,10,17,16,17,32,28,43,25,38,24,24,27,39,16,N/A,16,12,23,7,26,29,N/A,30
7/25/2015,51,N/A,33,33,N/A,36,N/A,30,20,27,29,N/A,52,N/A,17,N/A,38,N/A,31,N/A,41,30,45,33,N/A,27,N/A,56,43,37,31,34,38,28,31,37,38,N/A,28,18,35,14,N/A,18,17,14,29,36,24,34,32,18,18,48,13,N/A,17,12,21,7,34,30,N/A,38
7/26/2015,47,N/A,26,33,N/A,32,N/A,31,20,27,32,N/A,45,N/A,15,N/A,41,N/A,39,N/A,45,32,50,34,N/A,34,N/A,45,44,29,28,28,40,31,35,33,30,N/A,30,11,29,11,16,15,14,20,29,35,21,28,32,21,19,38,14,N/A,15,10,21,5,43,32,N/A,40
7/27/2015,43,N/A,31,37,N/A,37,N/A,43,21,28,34,N/A,51,N/A,16,N/A,35,N/A,35,N/A,44,29,62,38,N/A,35,N/A,55,28,33,29,27,36,28,32,38,N/A,N/A,41,12,25,14,14,15,16,21,30,34,29,27,31,22,27,49,15,N/A,19,12,26,6,46,35,N/A,29
7/28/2015,30,N/A,17,24,N/A,37,N/A,27,17,22,30,N/A,56,N/A,13,N/A,30,N/A,26,N/A,32,22,41,24,N/A,29,N/A,49,24,29,19,21,36,29,23,32,26,N/A,26,15,23,16,14,16,20,29,36,36,26,29,21,29,39,51,16,N/A,25,14,36,11,41,41,N/A,41
7/29/2015,N/A,N/A,24,26,N/A,28,N/A,35,20,22,20,N/A,48,N/A,14,N/A,40,N/A,31,N/A,30,28,44,29,37,18,N/A,60,16,29,16,20,30,31,24,28,27,N/A,28,15,28,15,19,16,21,20,42,44,22,24,17,35,36,48,18,16,24,13,28,7,38,33,N/A,37
7/30/2015,33,N/A,18,24,N/A,24,23,32,19,23,22,N/A,45,N/A,14,N/A,38,N/A,28,N/A,33,25,N/A,22,26,14,N/A,31,15,26,19,N/A,34,35,28,27,25,N/A,32,16,24,18,18,19,21,22,41,42,20,20,19,16,22,43,16,13,23,15,26,9,36,26,N/A,27
7/31/2015,25,N/A,12,23,N/A,27,22,26,16,19,22,N/A,40,N/A,12,N/A,30,N/A,22,N/A,21,18,N/A,20,28,15,N/A,37,17,14,13,N/A,29,40,24,27,22,N/A,20,17,23,20,13,17,22,18,N/A,25,16,23,19,21,26,41,17,14,18,14,24,9,33,33,N/A,39
8/1/2015,29,N/A,16,29,N/A,27,23,22,18,17,20,N/A,40,N/A,12,N/A,29,N/A,28,N/A,27,20,N/A,16,24,15,N/A,46,21,19,24,19,27,28,19,21,19,N/A,20,24,28,20,12,15,22,27,N/A,29,21,27,22,24,32,37,20,22,20,25,23,11,27,30,N/A,25
8/2/2015,25,N/A,18,23,N/A,23,23,24,18,17,17,N/A,46,N/A,13,N/A,26,N/A,23,N/A,24,17,N/A,16,31,16,N/A,36,15,18,23,15,21,24,17,16,18,N/A,16,24,31,20,17,16,25,22,25,23,22,N/A,15,27,25,37,18,21,12,24,20,7,15,32,N/A,23
8/3/2015,33,N/A,16,30,N/A,28,30,36,18,21,25,N/A,45,N/A,13,N/A,40,N/A,30,N/A,27,27,N/A,26,33,21,N/A,48,21,17,24,22,31,30,N/A,29,22,N/A,25,22,37,19,14,12,19,24,22,18,19,N/A,19,18,22,33,15,16,15,16,18,6,21,27,N/A,23
8/4/2015,35,N/A,27,32,N/A,30,23,22,18,18,27,N/A,59,N/A,14,N/A,25,N/A,24,N/A,28,23,N/A,19,22,17,N/A,44,21,11,27,20,22,25,20,23,21,N/A,15,29,36,15,20,15,24,28,21,23,21,N/A,22,16,11,31,18,25,17,19,19,7,27,25,N/A,39
8/5/2015,38,N/A,22,33,N/A,22,19,17,18,17,22,N/A,49,N/A,12,N/A,28,N/A,24,N/A,26,21,N/A,25,19,15,N/A,37,22,12,30,21,19,23,21,23,21,N/A,17,23,29,13,14,14,19,17,17,24,20,N/A,23,17,13,23,18,13,23,19,22,4,19,23,N/A,22
8/6/2015,38,N/A,15,25,N/A,18,27,18,17,14,17,N/A,42,N/A,9,N/A,23,N/A,25,N/A,19,17,N/A,15,24,20,N/A,61,25,16,16,21,25,22,26,30,22,N/A,19,27,32,20,17,14,21,29,N/A,26,27,N/A,27,31,12,27,17,17,21,21,21,9,26,26,N/A,26
8/7/2015,45,N/A,26,34,N/A,23,26,26,19,22,25,N/A,53,N/A,14,N/A,29,N/A,30,N/A,25,21,N/A,24,25,22,N/A,55,31,13,27,31,24,22,26,27,25,N/A,20,21,51,N/A,11,13,26,27,N/A,23,19,N/A,25,26,14,22,19,13,19,18,22,8,31,23,N/A,32
8/8/2015,43,N/A,29,36,N/A,18,22,19,18,17,23,N/A,52,N/A,12,N/A,26,N/A,23,N/A,28,27,42,27,26,18,N/A,55,28,14,34,25,22,20,22,27,24,N/A,14,20,37,N/A,23,16,29,N/A,N/A,27,25,N/A,22,17,16,26,N/A,10,17,17,N/A,N/A,26,29,N/A,31
8/9/2015,43,N/A,27,32,N/A,17,25,20,17,19,22,N/A,54,N/A,12,N/A,29,N/A,23,N/A,28,27,42,28,23,16,N/A,56,22,18,32,32,24,23,24,23,29,N/A,16,18,25,N/A,14,15,20,N/A,N/A,23,34,N/A,20,22,12,28,22,14,14,18,N/A,N/A,23,23,N/A,21
8/10/2015,47,N/A,25,36,N/A,22,31,26,18,22,25,N/A,60,N/A,13,N/A,36,N/A,31,N/A,27,23,44,30,33,23,N/A,66,24,16,28,30,27,25,28,30,26,N/A,22,20,23,N/A,27,15,18,20,N/A,22,33,N/A,29,15,19,36,23,14,17,18,N/A,N/A,26,29,N/A,23
8/11/2015,44,N/A,29,35,N/A,20,27,23,18,22,26,N/A,55,N/A,14,N/A,35,N/A,27,N/A,29,23,58,26,28,21,N/A,60,22,21,23,30,34,24,28,26,31,N/A,29,25,26,N/A,15,15,19,21,N/A,25,36,N/A,26,18,17,31,20,13,18,18,N/A,N/A,29,28,N/A,26
8/12/2015,43,N/A,34,29,N/A,23,31,27,19,25,26,N/A,53,N/A,16,N/A,38,N/A,27,26,30,23,50,26,42,19,N/A,51,25,23,31,25,29,27,23,27,29,N/A,25,11,24,13,13,20,17,26,N/A,24,24,N/A,24,16,11,33,N/A,15,14,14,20,N/A,26,17,N/A,31
8/13/2015,41,N/A,28,32,N/A,27,28,33,19,24,34,N/A,48,N/A,15,N/A,38,N/A,30,17,29,23,43,26,41,17,N/A,83,23,16,27,18,35,25,29,23,27,N/A,23,15,21,18,12,13,21,19,N/A,21,23,27,16,11,15,38,14,12,11,16,20,3,22,24,N/A,38
8/14/2015,40,N/A,20,32,N/A,28,27,30,17,20,32,N/A,51,N/A,12,N/A,31,N/A,22,24,23,23,41,17,38,N/A,N/A,54,25,18,18,19,27,27,21,25,23,N/A,18,15,19,26,17,14,16,21,N/A,28,22,27,18,14,15,37,15,15,16,12,22,2,31,22,N/A,25
8/15/2015,41,N/A,22,21,N/A,23,24,27,18,21,22,N/A,51,N/A,13,N/A,34,N/A,N/A,26,30,22,44,25,47,24,N/A,79,23,17,22,23,29,21,18,24,19,N/A,23,13,24,23,8,13,14,26,N/A,28,20,31,23,12,20,41,11,10,12,11,17,N/A,17,16,N/A,29
8/16/2015,43,N/A,25,27,N/A,31,30,26,18,21,32,N/A,49,N/A,13,N/A,34,N/A,N/A,22,36,26,41,20,N/A,25,N/A,79,32,26,22,N/A,35,23,22,25,25,N/A,26,17,22,21,10,13,16,23,N/A,28,29,25,23,22,18,32,15,13,13,16,16,4,21,25,N/A,30
8/17/2015,46,N/A,27,27,N/A,22,20,22,19,19,32,N/A,54,N/A,15,N/A,30,N/A,N/A,18,31,22,46,26,N/A,22,N/A,54,30,18,22,N/A,31,25,32,26,35,N/A,25,19,26,29,14,17,16,20,N/A,31,31,34,24,20,21,43,20,13,16,16,N/A,4,32,20,N/A,37
8/18/2015,46,N/A,35,27,N/A,23,20,21,18,19,28,N/A,58,N/A,14,N/A,30,N/A,N/A,21,36,21,50,30,N/A,25,N/A,63,25,16,30,33,30,32,29,29,35,N/A,27,23,31,29,16,11,16,N/A,N/A,31,25,24,17,19,22,N/A,13,13,16,N/A,17,6,29,18,N/A,27
8/19/2015,40,N/A,26,24,N/A,19,20,15,18,17,23,N/A,50,N/A,12,N/A,27,N/A,N/A,13,25,16,31,27,N/A,18,N/A,66,34,14,28,29,24,25,27,25,31,N/A,19,20,35,20,18,11,18,18,N/A,22,32,33,N/A,22,25,N/A,16,15,18,N/A,18,3,26,23,N/A,26
8/20/2015,41,N/A,21,27,N/A,21,22,19,17,17,23,N/A,50,N/A,12,N/A,31,N/A,N/A,25,25,16,39,22,N/A,18,N/A,58,26,8,26,19,26,27,19,19,26,N/A,16,24,33,19,18,12,19,31,N/A,21,21,34,N/A,19,22,N/A,18,16,22,N/A,23,3,25,30,N/A,38
8/21/2015,38,N/A,21,25,N/A,17,15,13,17,14,21,N/A,50,N/A,11,N/A,26,N/A,N/A,22,23,17,36,17,N/A,22,N/A,54,24,7,26,16,18,19,17,17,28,N/A,14,20,24,12,11,10,20,27,N/A,21,25,36,22,13,14,N/A,22,13,15,N/A,19,4,25,25,N/A,27
8/22/2015,N/A,N/A,19,25,N/A,14,16,10,17,13,20,N/A,44,N/A,11,N/A,21,N/A,N/A,17,19,13,33,20,N/A,16,N/A,47,36,8,19,21,17,19,16,19,25,N/A,8,13,21,12,13,10,17,17,N/A,24,17,22,38,22,17,N/A,21,11,17,N/A,20,5,19,30,N/A,27
8/23/2015,30,N/A,24,26,N/A,15,18,13,17,14,25,N/A,49,N/A,11,N/A,22,N/A,N/A,22,24,19,35,20,N/A,15,N/A,45,26,18,25,22,17,18,15,16,24,N/A,11,13,20,13,11,14,16,15,N/A,26,16,26,70,19,16,N/A,15,12,15,N/A,17,5,21,18,N/A,20
8/24/2015,34,N/A,23,28,N/A,15,19,15,18,16,25,N/A,48,N/A,9,N/A,25,N/A,N/A,19,25,17,37,20,N/A,20,N/A,40,35,10,23,20,21,20,20,22,24,N/A,14,19,21,14,19,14,17,17,N/A,32,20,29,56,17,15,N/A,17,14,20,N/A,16,3,29,13,N/A,29
8/25/2015,34,N/A,17,22,N/A,16,18,15,17,18,23,N/A,45,N/A,12,N/A,21,N/A,N/A,19,28,16,37,19,N/A,22,N/A,47,30,16,18,20,25,20,20,29,24,N/A,18,21,25,10,12,15,16,15,26,31,N/A,25,57,22,23,N/A,17,N/A,19,N/A,21,N/A,24,27,N/A,27
8/26/2015,40,N/A,19,23,N/A,15,18,12,18,18,18,N/A,48,N/A,12,N/A,25,N/A,N/A,22,23,14,41,18,N/A,19,N/A,47,19,13,21,19,21,19,22,28,18,N/A,14,22,27,12,14,N/A,17,21,36,43,10,38,23,27,36,63,25,N/A,22,N/A,24,4,42,27,N/A,N/A
8/27/2015,27,N/A,12,30,N/A,17,22,18,18,16,18,N/A,44,N/A,11,N/A,28,N/A,N/A,20,27,21,40,21,N/A,19,N/A,43,23,16,15,24,23,28,22,28,19,N/A,19,25,23,12,11,14,18,24,52,110,7,36,27,43,41,54,19,N/A,16,N/A,19,6,N/A,16,N/A,24
8/28/2015,16,N/A,29,34,N/A,19,21,20,18,20,25,N/A,59,N/A,15,N/A,36,N/A,N/A,30,35,23,52,18,N/A,16,N/A,54,22,17,30,15,22,23,19,22,15,N/A,19,25,29,17,15,14,18,30,63,97,14,30,30,46,56,52,20,13,21,N/A,21,7,20,23,N/A,31
8/29/2015,17,N/A,25,31,N/A,17,25,18,18,17,22,N/A,49,N/A,12,N/A,27,N/A,30,37,34,24,50,22,24,17,N/A,50,25,15,30,19,34,29,25,25,20,N/A,22,23,N/A,19,18,16,21,25,61,58,13,25,31,31,33,50,20,28,16,N/A,21,10,19,25,N/A,30
8/30/2015,21,N/A,18,26,N/A,14,20,14,18,15,25,N/A,48,N/A,11,N/A,24,N/A,30,29,28,18,37,19,29,13,N/A,N/A,21,10,22,23,30,24,27,26,18,N/A,20,27,N/A,18,20,17,22,25,43,32,10,29,20,22,30,43,23,N/A,22,N/A,23,7,15,27,N/A,41
8/31/2015,22,N/A,22,28,N/A,15,21,18,18,17,24,N/A,51,N/A,11,N/A,31,N/A,29,30,26,19,41,18,23,22,N/A,N/A,29,14,22,27,29,22,26,27,25,N/A,17,22,25,12,N/A,15,19,32,33,20,12,25,23,28,42,63,19,N/A,17,N/A,25,6,18,27,N/A,26
9/1/2015,15,N/A,20,29,N/A,14,24,17,17,19,19,N/A,48,N/A,13,N/A,25,N/A,N/A,31,26,17,43,15,26,N/A,N/A,N/A,24,14,23,18,20,17,21,17,18,N/A,19,29,35,30,N/A,19,29,30,31,19,15,28,13,42,74,59,17,N/A,20,N/A,29,7,18,22,N/A,19
9/2/2015,20,N/A,14,25,N/A,14,20,13,16,16,18,N/A,52,N/A,11,N/A,25,N/A,N/A,27,24,15,38,9,25,N/A,N/A,42,21,16,13,19,27,N/A,18,20,19,N/A,14,26,30,25,N/A,17,28,23,29,27,26,30,20,45,75,101,20,N/A,24,N/A,32,7,17,27,N/A,30
9/3/2015,30,N/A,19,26,N/A,18,20,28,18,19,21,N/A,47,N/A,13,N/A,36,N/A,31,20,27,22,43,19,28,11,N/A,69,22,22,25,19,32,23,24,29,23,N/A,26,21,23,18,N/A,19,20,25,33,37,19,26,20,53,55,99,13,N/A,16,N/A,19,8,20,19,N/A,29
9/4/2015,31,N/A,26,28,N/A,24,26,36,19,23,25,N/A,N/A,N/A,14,N/A,46,N/A,38,26,37,29,51,21,38,14,N/A,46,20,16,38,24,31,30,22,35,26,N/A,27,19,25,17,N/A,13,17,24,44,61,19,34,21,38,31,58,19,N/A,13,N/A,19,6,25,17,N/A,23
9/5/2015,26,N/A,31,27,N/A,23,25,21,19,21,24,N/A,N/A,N/A,12,N/A,31,N/A,31,20,34,23,43,23,23,15,N/A,55,27,15,22,19,25,N/A,18,27,26,N/A,22,17,28,16,N/A,13,22,12,42,27,15,40,22,35,22,47,18,N/A,18,N/A,21,6,20,18,N/A,32
9/6/2015,20,N/A,17,22,N/A,16,19,15,17,15,19,N/A,N/A,N/A,12,N/A,26,N/A,25,19,22,15,39,19,21,12,N/A,75,22,14,19,20,28,22,17,17,21,N/A,16,14,24,9,N/A,11,15,17,26,21,N/A,26,24,21,21,40,15,N/A,12,N/A,17,4,19,21,N/A,N/A
9/7/2015,20,N/A,21,22,N/A,12,20,12,17,14,15,N/A,N/A,N/A,13,N/A,23,N/A,N/A,24,24,14,38,22,20,16,N/A,53,29,12,18,32,23,26,23,24,28,N/A,17,19,28,13,N/A,12,16,11,29,24,16,28,32,23,36,45,20,N/A,15,N/A,18,4,22,19,N/A,N/A
9/8/2015,19,N/A,30,21,N/A,13,12,12,18,13,16,N/A,N/A,N/A,13,N/A,22,N/A,N/A,20,28,16,37,28,16,11,N/A,80,31,15,18,43,17,28,34,24,28,N/A,17,21,25,13,N/A,15,16,17,28,22,10,29,25,25,35,49,19,N/A,16,N/A,18,6,20,14,N/A,31
9/9/2015,20,N/A,19,24,N/A,14,20,15,18,14,16,N/A,46,N/A,11,N/A,31,N/A,17,28,23,18,36,23,24,18,N/A,74,32,13,23,45,21,23,21,20,29,N/A,15,22,27,14,N/A,11,19,24,28,19,13,30,34,19,14,32,17,N/A,16,N/A,20,5,23,24,N/A,27
9/10/2015,25,N/A,22,28,N/A,21,22,34,19,21,25,N/A,48,N/A,15,N/A,51,N/A,35,25,32,28,49,18,32,10,N/A,78,22,20,36,15,19,N/A,17,23,21,N/A,21,20,29,16,N/A,13,20,36,25,16,14,25,15,17,11,32,18,N/A,19,N/A,24,7,15,17,N/A,22
9/11/2015,27,N/A,23,29,N/A,23,20,34,20,23,25,N/A,47,N/A,14,N/A,37,N/A,32,30,35,28,55,19,30,17,N/A,52,23,20,30,18,27,N/A,19,25,21,N/A,20,20,31,10,N/A,10,19,20,25,15,19,35,16,12,17,42,18,N/A,20,N/A,20,6,14,17,N/A,27
9/12/2015,33,N/A,37,34,N/A,23,26,28,21,21,24,N/A,52,N/A,17,N/A,35,N/A,27,35,36,26,53,26,28,12,N/A,43,25,16,40,25,20,21,23,22,28,N/A,21,20,26,15,N/A,15,21,19,27,17,24,28,22,16,28,36,19,N/A,19,N/A,21,8,22,21,N/A,44
9/13/2015,24,N/A,24,28,N/A,20,19,20,17,18,22,N/A,48,N/A,16,N/A,29,N/A,25,N/A,30,19,35,28,16,12,N/A,78,20,10,24,26,28,28,22,23,24,N/A,20,17,26,16,N/A,11,21,16,29,16,28,30,23,23,29,40,18,N/A,19,N/A,21,5,28,27,N/A,24
9/14/2015,17,N/A,27,22,N/A,13,16,15,17,14,21,N/A,47,N/A,11,N/A,32,N/A,19,N/A,25,13,24,25,17,11,N/A,73,19,13,24,25,17,27,18,22,24,N/A,19,18,29,19,N/A,14,17,20,31,N/A,40,38,15,78,84,51,14,N/A,15,N/A,21,5,18,21,N/A,19
9/15/2015,24,N/A,43,29,N/A,19,21,22,19,19,24,N/A,59,N/A,16,N/A,38,N/A,22,17,36,23,34,37,23,20,N/A,64,29,15,25,22,17,26,22,29,29,N/A,20,24,29,23,N/A,17,21,13,25,N/A,38,24,16,34,43,27,22,N/A,25,N/A,22,10,19,25,N/A,34
9/16/2015,16,N/A,30,22,N/A,14,13,15,17,13,15,N/A,49,N/A,11,N/A,33,N/A,19,N/A,21,16,22,23,20,8,N/A,81,16,12,23,16,12,26,16,N/A,19,N/A,15,31,37,24,11,21,26,12,16,18,26,23,10,18,15,23,23,N/A,27,N/A,19,11,21,23,N/A,24
9/17/2015,20,N/A,24,25,N/A,15,16,21,17,15,16,N/A,46,N/A,12,N/A,39,N/A,20,15,31,21,28,24,17,11,N/A,71,16,13,24,17,12,N/A,9,N/A,19,N/A,15,28,35,23,14,16,23,15,16,21,17,17,15,35,24,33,19,N/A,22,N/A,11,9,18,15,N/A,22
9/18/2015,24,N/A,13,26,N/A,20,22,30,17,20,21,N/A,43,N/A,13,N/A,37,N/A,25,N/A,31,25,47,32,25,16,N/A,50,13,14,13,19,31,32,N/A,N/A,23,N/A,27,10,17,11,6,10,14,18,62,105,N/A,15,20,88,68,63,13,N/A,10,N/A,8,2,32,14,N/A,34
9/19/2015,43,N/A,41,46,N/A,26,33,39,22,31,35,N/A,52,N/A,18,N/A,56,N/A,45,45,47,39,50,41,35,28,N/A,103,33,41,39,33,41,44,N/A,48,39,N/A,32,14,21,14,8,12,15,22,80,102,31,35,23,89,86,75,N/A,N/A,14,N/A,13,5,32,17,N/A,53
9/20/2015,74,N/A,188,84,N/A,63,56,64,28,62,72,N/A,95,N/A,32,N/A,82,N/A,69,54,N/A,68,109,94,57,68,N/A,154,68,51,79,73,88,70,N/A,84,75,N/A,81,20,29,19,15,15,25,30,55,82,32,50,74,52,51,52,N/A,N/A,19,N/A,17,8,31,23,N/A,86
9/21/2015,78,N/A,149,67,N/A,59,55,61,27,55,65,N/A,85,N/A,31,N/A,73,N/A,68,62,74,59,82,83,70,58,N/A,161,62,46,67,82,90,78,72,80,68,N/A,74,33,44,27,21,21,31,45,56,91,27,46,90,46,44,54,N/A,N/A,25,N/A,24,13,52,22,N/A,96
9/22/2015,N/A,N/A,73,37,N/A,31,31,35,20,31,39,N/A,59,N/A,20,N/A,36,N/A,32,34,40,29,56,40,36,40,N/A,98,48,24,38,53,67,53,50,63,52,N/A,57,32,38,20,14,20,24,N/A,58,56,21,36,57,37,21,43,N/A,N/A,28,N/A,27,12,26,29,N/A,37
9/23/2015,N/A,N/A,35,29,N/A,20,28,35,20,22,30,N/A,45,N/A,15,N/A,32,N/A,31,31,32,28,57,26,43,13,N/A,46,17,17,37,21,28,N/A,23,28,25,N/A,32,27,35,19,11,13,22,N/A,34,27,26,32,29,24,18,31,N/A,N/A,16,N/A,16,6,19,26,N/A,27
9/24/2015,N/A,N/A,33,29,N/A,21,18,21,18,16,29,N/A,54,N/A,14,N/A,28,N/A,29,50,23,21,41,13,27,N/A,N/A,46,21,15,17,21,22,34,25,29,24,N/A,16,26,29,17,18,15,19,N/A,21,14,32,24,22,23,17,26,N/A,N/A,20,N/A,13,6,18,18,N/A,N/A
9/25/2015,N/A,N/A,36,31,N/A,17,23,15,18,19,27,N/A,53,N/A,15,N/A,31,N/A,26,28,26,22,37,23,22,13,N/A,62,23,14,23,25,19,34,24,25,25,N/A,16,20,30,19,N/A,17,19,N/A,22,14,36,26,25,27,13,23,19,N/A,21,N/A,12,4,18,19,N/A,N/A
9/26/2015,N/A,N/A,30,26,N/A,16,19,17,17,15,28,N/A,48,N/A,13,N/A,33,N/A,22,24,24,19,30,18,20,20,N/A,78,35,15,23,22,26,27,20,26,26,N/A,19,23,32,22,N/A,22,24,N/A,21,18,34,29,26,27,14,25,23,N/A,25,N/A,16,7,19,21,N/A,N/A
9/27/2015,N/A,N/A,18,29,N/A,22,22,24,17,18,30,N/A,49,N/A,15,N/A,37,N/A,29,N/A,28,19,31,32,30,25,N/A,68,29,16,20,24,29,25,22,32,27,N/A,30,20,31,21,N/A,17,23,N/A,17,15,32,28,20,19,16,20,19,N/A,23,N/A,18,10,20,19,N/A,N/A
9/28/2015,N/A,N/A,31,31,N/A,21,23,33,18,21,29,N/A,54,N/A,16,N/A,41,N/A,34,15,N/A,27,41,27,23,26,N/A,132,36,22,22,19,22,25,18,28,25,N/A,27,22,33,30,25,16,27,N/A,19,22,35,34,19,9,10,26,23,N/A,21,N/A,21,9,17,23,N/A,N/A
9/29/2015,N/A,N/A,23,39,N/A,25,25,29,18,23,33,N/A,53,N/A,15,N/A,43,N/A,32,17,36,28,50,34,32,29,N/A,161,35,19,22,N/A,26,35,20,23,26,N/A,26,31,41,27,15,20,29,N/A,24,17,36,37,20,13,17,36,26,N/A,24,N/A,22,13,17,27,N/A,N/A
9/30/2015,N/A,N/A,38,29,N/A,29,34,50,21,33,41,N/A,57,N/A,22,N/A,51,N/A,44,35,42,31,55,30,36,31,N/A,164,36,25,31,23,40,36,26,33,24,N/A,32,27,36,37,24,22,32,N/A,27,19,35,40,20,17,18,46,20,N/A,16,N/A,29,13,27,27,27,N/A
10/1/2015,N/A,N/A,42,35,N/A,23,27,43,20,44,31,N/A,51,N/A,16,N/A,51,N/A,36,13,52,37,62,36,34,22,N/A,140,43,22,42,25,N/A,32,28,41,24,N/A,42,18,24,28,12,19,31,33,21,17,28,36,19,29,24,50,18,N/A,18,N/A,24,12,21,21,21,N/A
10/2/2015,35,N/A,53,37,N/A,27,28,38,21,39,28,N/A,59,N/A,18,N/A,61,N/A,39,28,51,35,63,36,30,26,N/A,140,37,22,54,31,N/A,30,27,49,39,N/A,45,17,24,25,17,15,29,28,22,17,32,25,22,20,20,48,21,N/A,16,18,20,10,18,23,27,N/A
10/3/2015,31,N/A,26,28,N/A,26,N/A,39,18,38,33,N/A,53,N/A,19,N/A,56,N/A,29,30,33,25,46,18,36,20,N/A,55,21,24,21,23,27,24,20,29,23,N/A,25,19,36,25,15,14,24,17,27,41,30,20,17,46,66,100,29,N/A,21,19,27,11,N/A,23,24,N/A
10/4/2015,24,N/A,29,27,N/A,22,N/A,27,18,38,30,N/A,48,N/A,14,N/A,41,N/A,31,17,23,18,36,18,32,20,N/A,79,25,15,11,15,32,23,18,15,16,N/A,18,19,31,23,14,15,27,29,43,50,24,30,14,93,134,143,19,N/A,29,18,22,10,N/A,24,22,N/A
10/5/2015,17,N/A,13,22,N/A,19,N/A,28,16,28,25,N/A,40,N/A,14,N/A,43,N/A,30,16,21,18,50,26,46,13,N/A,61,14,14,11,18,29,26,22,22,20,N/A,24,18,31,23,14,18,27,27,55,116,25,21,16,86,113,172,23,N/A,26,17,26,15,15,28,26,N/A
10/6/2015,21,N/A,19,26,N/A,21,N/A,41,17,40,23,N/A,48,N/A,14,N/A,54,N/A,31,N/A,28,23,45,26,50,21,N/A,56,21,24,25,20,31,30,22,34,23,N/A,30,19,22,19,10,15,19,27,69,132,24,26,21,57,68,131,24,N/A,17,15,19,9,23,22,30,N/A
10/7/2015,26,N/A,31,30,N/A,25,N/A,38,20,33,34,N/A,55,N/A,19,N/A,53,N/A,31,24,N/A,26,50,25,30,22,N/A,86,31,25,22,26,43,34,31,35,31,N/A,22,16,17,15,10,13,18,31,117,209,24,33,30,60,56,95,18,N/A,15,15,21,6,27,24,20,N/A
10/8/2015,19,N/A,30,30,N/A,23,19,23,17,26,29,N/A,56,N/A,16,N/A,49,N/A,27,N/A,34,19,38,37,26,22,N/A,136,25,19,27,35,54,46,42,38,38,N/A,34,17,20,16,12,14,17,29,106,138,21,30,28,71,53,81,18,N/A,15,14,20,6,27,16,20,N/A
10/9/2015,25,N/A,22,28,N/A,25,23,35,19,28,27,N/A,55,N/A,16,N/A,45,N/A,32,23,35,25,61,28,34,20,N/A,56,15,22,26,23,41,30,28,35,28,N/A,30,14,25,15,13,13,17,20,68,23,25,30,23,56,31,70,13,N/A,20,12,19,2,16,22,16,N/A
10/10/2015,28,N/A,33,28,N/A,26,24,33,20,45,31,N/A,55,N/A,20,N/A,37,N/A,37,22,34,23,42,21,32,22,N/A,48,25,22,31,21,39,31,27,37,26,N/A,26,15,26,13,12,14,N/A,22,40,21,N/A,27,26,15,28,53,15,N/A,16,13,18,2,10,19,17,41
10/11/2015,20,N/A,24,27,N/A,22,28,29,18,24,30,N/A,48,N/A,13,N/A,49,N/A,36,16,29,22,49,27,38,16,N/A,87,23,16,22,18,34,23,21,34,22,N/A,26,7,18,14,9,10,N/A,18,45,16,N/A,25,22,25,32,52,11,N/A,8,13,15,6,22,11,16,23
10/12/2015,20,N/A,31,23,N/A,20,17,24,18,28,26,N/A,41,N/A,14,N/A,31,N/A,23,N/A,35,19,37,37,20,19,N/A,79,29,17,32,16,26,27,20,30,23,N/A,24,9,15,18,9,11,21,7,N/A,12,N/A,25,18,27,24,42,14,N/A,12,11,16,8,30,14,20,N/A
10/13/2015,27,N/A,48,34,N/A,25,25,32,19,32,30,N/A,47,N/A,17,N/A,40,N/A,30,N/A,42,27,44,45,25,24,N/A,91,37,27,38,24,34,30,26,34,35,N/A,33,13,15,14,10,11,19,11,23,12,31,42,27,23,22,35,10,N/A,12,17,17,6,35,21,15,N/A
10/14/2015,29,N/A,52,36,N/A,29,31,31,20,36,34,N/A,54,N/A,19,N/A,45,N/A,34,17,47,30,47,48,23,24,N/A,149,43,30,47,30,42,37,39,44,44,N/A,35,25,23,19,19,13,21,22,27,9,40,41,31,20,19,39,15,N/A,18,17,23,12,44,23,17,N/A
10/15/2015,34,N/A,56,33,N/A,29,32,39,22,35,34,N/A,57,N/A,19,N/A,50,N/A,43,N/A,49,32,49,47,28,28,N/A,114,44,38,63,32,39,31,33,40,48,N/A,38,26,27,19,17,15,26,23,32,14,42,42,32,17,14,45,15,N/A,18,25,26,11,30,29,18,N/A
10/16/2015,44,N/A,80,35,N/A,32,36,49,26,50,37,N/A,65,N/A,23,N/A,62,N/A,57,N/A,47,37,50,50,43,47,N/A,138,59,50,91,32,36,37,30,45,40,N/A,38,24,41,22,15,12,34,30,33,17,50,47,42,12,15,29,20,N/A,15,24,26,15,35,28,20,N/A
10/17/2015,57,N/A,87,49,N/A,39,36,57,29,49,46,N/A,65,N/A,34,N/A,64,N/A,64,N/A,60,44,54,51,56,55,N/A,178,59,66,109,40,47,49,40,48,47,N/A,38,23,38,21,17,16,27,31,30,23,54,54,39,11,16,45,20,N/A,15,26,29,15,44,28,19,N/A
10/18/2015,44,N/A,50,43,N/A,36,44,55,23,59,40,N/A,61,N/A,22,N/A,61,N/A,54,N/A,47,36,44,46,53,56,N/A,164,70,N/A,N/A,37,48,47,37,42,37,N/A,38,24,34,20,16,15,28,44,21,28,65,64,33,18,25,46,N/A,N/A,30,22,32,15,48,36,N/A,36
10/19/2015,52,N/A,57,48,N/A,47,46,68,26,58,50,N/A,80,N/A,27,N/A,69,N/A,62,N/A,45,47,56,51,60,60,N/A,206,65,N/A,N/A,40,46,55,33,62,67,N/A,49,26,34,23,22,23,33,64,20,24,75,74,54,37,48,72,N/A,N/A,25,24,36,17,49,43,N/A,40
10/20/2015,47,N/A,51,37,N/A,48,48,54,24,65,55,N/A,73,N/A,26,N/A,58,N/A,64,47,N/A,35,45,31,63,66,N/A,179,64,N/A,39,36,38,109,32,40,59,N/A,45,26,27,33,31,27,32,65,42,37,72,72,47,88,124,147,N/A,N/A,27,24,36,14,62,40,N/A,46
10/21/2015,33,N/A,36,33,N/A,36,36,44,19,39,42,N/A,59,N/A,20,N/A,62,N/A,48,36,39,26,37,30,41,32,N/A,179,55,N/A,30,36,39,35,33,31,56,N/A,29,23,35,25,16,15,19,53,136,89,67,68,37,105,157,302,N/A,N/A,34,20,25,16,48,27,N/A,32
10/22/2015,49,N/A,67,57,N/A,N/A,40,56,25,61,46,N/A,91,N/A,23,N/A,97,N/A,61,34,61,53,72,68,45,50,N/A,201,67,51,69,30,48,37,37,N/A,55,N/A,56,29,36,27,24,21,30,46,153,66,73,63,40,130,179,323,N/A,N/A,27,28,27,17,49,38,N/A,39
10/23/2015,64,N/A,98,68,N/A,N/A,57,73,30,69,69,N/A,99,N/A,32,N/A,98,N/A,67,64,85,62,85,82,47,59,N/A,162,73,68,111,53,77,44,57,N/A,71,N/A,68,28,41,31,27,21,37,57,91,41,92,72,52,135,125,206,N/A,N/A,31,30,37,22,52,44,N/A,46
10/24/2015,62,N/A,87,52,N/A,N/A,52,67,28,64,53,N/A,71,N/A,32,N/A,70,N/A,68,71,69,56,71,57,59,69,N/A,145,72,77,83,38,50,44,38,53,54,N/A,56,30,44,43,34,32,41,63,67,107,71,65,45,96,100,104,N/A,N/A,40,35,44,28,41,59,N/A,29
10/25/2015,44,N/A,65,44,N/A,N/A,36,47,23,44,47,N/A,50,N/A,23,N/A,61,N/A,41,32,59,44,57,50,49,60,N/A,139,66,72,65,39,60,44,44,47,66,N/A,50,42,64,49,39,38,50,66,52,34,54,53,43,30,37,56,N/A,N/A,42,51,51,35,31,47,N/A,39
10/26/2015,48,N/A,72,47,N/A,N/A,45,51,26,47,49,N/A,58,N/A,22,N/A,67,N/A,55,50,59,44,64,56,54,55,N/A,N/A,56,74,84,46,55,77,49,53,65,N/A,49,43,66,47,36,30,46,59,37,17,55,53,43,18,21,29,N/A,N/A,49,44,48,34,50,42,N/A,N/A
10/27/2015,43,N/A,78,40,N/A,36,39,55,25,42,43,N/A,69,N/A,22,N/A,69,N/A,48,44,57,42,60,46,41,38,N/A,N/A,51,58,82,26,37,22,31,39,42,N/A,41,38,56,44,30,25,46,51,27,17,49,49,42,25,28,31,N/A,N/A,32,43,43,28,38,38,N/A,42
10/28/2015,44,N/A,67,48,N/A,36,36,51,24,61,47,N/A,71,N/A,23,N/A,70,N/A,47,23,52,45,60,43,38,30,N/A,152,45,51,55,30,50,27,40,40,48,N/A,40,38,49,41,26,18,40,32,36,13,40,43,31,16,25,22,N/A,33,32,33,46,27,32,39,N/A,35
10/29/2015,43,N/A,79,48,N/A,37,32,55,25,52,45,N/A,68,N/A,24,N/A,78,N/A,58,22,65,51,71,55,44,28,N/A,153,42,61,82,43,70,33,58,58,67,N/A,46,30,38,35,24,22,33,48,34,13,43,39,43,16,13,N/A,36,N/A,26,34,43,29,26,34,35,51
10/30/2015,53,N/A,84,42,N/A,31,31,56,26,46,42,N/A,49,N/A,26,N/A,62,N/A,47,45,60,45,64,N/A,38,37,N/A,146,49,62,79,46,74,38,60,63,92,N/A,49,24,33,35,21,24,36,31,41,21,45,39,36,19,20,28,30,15,23,31,41,24,34,28,26,51
10/31/2015,39,N/A,56,38,N/A,27,31,45,23,37,33,N/A,46,N/A,18,N/A,54,N/A,43,25,50,35,49,N/A,37,36,N/A,128,50,59,64,43,65,36,48,41,96,N/A,46,24,37,26,24,22,32,32,36,14,37,38,33,19,21,22,30,18,23,36,41,22,32,33,24,40
11/1/2015,29,N/A,42,32,N/A,29,27,28,20,36,35,N/A,51,N/A,15,N/A,64,N/A,42,23,44,29,66,N/A,N/A,50,N/A,91,43,57,55,37,62,32,52,33,61,N/A,35,20,35,27,19,23,30,N/A,N/A,N/A,35,35,33,20,14,22,25,13,20,32,35,21,34,22,23,43
11/2/2015,33,N/A,49,31,N/A,25,30,35,21,38,33,N/A,44,N/A,17,N/A,51,N/A,39,20,43,29,54,N/A,N/A,33,N/A,69,38,62,49,32,41,25,33,35,55,N/A,34,21,30,27,14,17,31,N/A,N/A,N/A,32,27,25,18,21,23,20,18,24,27,37,16,35,24,14,N/A
11/3/2015,36,N/A,60,40,N/A,31,31,43,23,38,43,N/A,52,N/A,18,N/A,71,N/A,45,27,52,33,57,N/A,N/A,37,N/A,105,47,54,82,34,34,27,30,35,38,N/A,38,12,19,22,16,13,25,35,N/A,N/A,30,36,28,14,18,24,15,11,19,22,34,13,38,28,18,N/A
11/4/2015,46,N/A,83,55,N/A,42,40,57,25,52,56,N/A,63,N/A,24,N/A,81,N/A,51,31,74,50,77,N/A,N/A,45,N/A,108,51,60,86,34,51,26,40,44,99,N/A,39,15,24,26,16,19,26,40,N/A,N/A,39,46,28,14,18,20,16,17,23,25,33,14,41,32,25,N/A
11/5/2015,60,N/A,86,47,N/A,36,38,52,26,61,45,N/A,66,N/A,30,N/A,76,N/A,69,55,60,43,69,N/A,N/A,47,N/A,146,47,63,88,42,53,33,49,N/A,120,N/A,45,20,35,27,15,16,31,N/A,N/A,N/A,41,52,39,14,19,22,22,N/A,21,29,40,14,39,31,23,N/A
11/6/2015,68,N/A,92,47,N/A,53,54,67,27,89,70,N/A,84,N/A,33,N/A,93,N/A,62,50,71,53,78,N/A,N/A,N/A,N/A,140,50,66,91,28,43,29,30,47,82,N/A,47,25,35,26,19,15,33,N/A,N/A,8,32,46,29,12,10,21,22,17,18,30,37,17,29,31,30,N/A
11/7/2015,32,N/A,38,23,N/A,21,21,35,21,32,24,N/A,41,N/A,13,N/A,51,N/A,36,27,N/A,26,42,N/A,N/A,N/A,N/A,121,44,54,52,19,31,19,21,29,39,N/A,28,23,34,28,23,14,32,N/A,N/A,12,22,24,18,15,8,36,22,17,21,30,36,18,25,21,31,30
11/8/2015,41,N/A,58,28,N/A,22,26,39,21,N/A,29,N/A,56,N/A,21,N/A,55,N/A,N/A,22,40,35,53,N/A,N/A,N/A,N/A,86,32,50,53,24,34,19,23,21,37,N/A,29,20,30,24,18,13,41,N/A,N/A,12,23,25,N/A,23,16,34,N/A,19,18,31,34,19,30,22,26,25
11/9/2015,32,N/A,53,35,N/A,30,25,33,20,45,37,N/A,49,N/A,18,N/A,62,N/A,38,23,47,36,46,N/A,N/A,N/A,N/A,131,36,48,65,26,35,19,26,39,73,N/A,29,27,38,27,15,13,28,N/A,N/A,17,31,36,33,25,18,38,N/A,19,19,30,33,22,30,24,35,N/A
11/10/2015,37,N/A,62,39,N/A,30,31,47,22,56,40,N/A,56,N/A,20,17,67,N/A,48,25,53,38,52,N/A,N/A,N/A,N/A,N/A,31,46,76,38,54,26,43,34,81,N/A,34,20,27,20,19,15,27,N/A,N/A,10,33,27,27,18,14,23,N/A,18,16,23,37,13,30,48,32,N/A
11/11/2015,41,N/A,62,28,N/A,25,27,36,22,57,32,N/A,53,N/A,19,16,60,N/A,36,28,51,32,43,N/A,N/A,N/A,N/A,N/A,43,51,74,44,62,31,45,34,115,N/A,34,18,39,22,15,16,22,N/A,N/A,12,36,42,28,17,15,21,N/A,14,23,17,27,14,37,31,30,N/A
11/12/2015,38,N/A,60,34,N/A,28,33,43,22,49,35,N/A,N/A,N/A,20,16,70,N/A,46,32,47,34,49,N/A,34,N/A,N/A,225,37,55,83,39,55,30,42,43,95,N/A,38,15,24,23,20,18,28,N/A,N/A,12,40,44,34,22,19,31,N/A,N/A,25,17,39,10,35,40,30,47
11/13/2015,50,N/A,72,51,N/A,43,41,55,26,68,57,N/A,N/A,N/A,30,22,75,N/A,61,60,59,43,68,N/A,47,N/A,N/A,144,47,57,71,34,65,32,43,61,72,N/A,59,18,26,22,20,14,24,N/A,N/A,14,43,36,38,19,14,28,N/A,30,23,19,29,7,27,29,23,39
11/14/2015,57,N/A,81,57,N/A,40,39,59,27,62,49,N/A,N/A,N/A,29,21,64,N/A,65,58,72,57,68,N/A,42,N/A,N/A,158,44,50,57,36,58,28,42,47,68,N/A,50,18,39,28,24,18,31,N/A,N/A,11,38,43,N/A,14,14,28,N/A,N/A,25,25,N/A,13,27,21,26,34
11/15/2015,57,N/A,75,43,N/A,48,37,50,26,104,54,N/A,N/A,N/A,32,28,69,N/A,56,36,56,42,49,N/A,47,43,N/A,148,42,40,37,30,61,28,36,24,40,N/A,35,21,34,25,28,21,31,50,N/A,10,33,33,N/A,17,16,28,N/A,11,26,29,N/A,16,19,27,27,28
11/16/2015,44,N/A,60,39,N/A,37,42,N/A,23,59,46,N/A,N/A,N/A,26,19,75,N/A,56,43,50,40,58,N/A,43,43,N/A,140,40,45,36,30,55,32,36,36,32,N/A,38,19,58,29,28,21,34,53,N/A,11,N/A,40,24,24,16,33,N/A,15,26,28,N/A,17,34,50,22,38
11/17/2015,29,N/A,33,31,N/A,36,31,N/A,20,46,37,N/A,N/A,N/A,17,17,62,N/A,40,30,48,31,42,N/A,45,51,N/A,196,39,46,33,28,64,35,42,35,36,N/A,32,20,31,22,21,15,42,57,N/A,16,41,35,27,23,15,27,N/A,15,21,31,N/A,15,27,36,28,36
11/18/2015,43,N/A,65,39,N/A,38,30,N/A,24,42,41,N/A,N/A,N/A,22,16,60,N/A,52,39,41,37,51,N/A,50,58,N/A,166,54,58,43,30,53,25,41,40,35,N/A,37,26,43,27,27,20,36,N/A,N/A,11,37,53,30,18,17,21,27,17,22,30,N/A,17,33,38,29,35
11/19/2015,47,N/A,76,47,N/A,56,48,N/A,23,73,57,N/A,N/A,N/A,25,N/A,78,N/A,49,31,60,45,60,N/A,40,45,N/A,181,51,64,93,32,52,52,41,49,37,N/A,45,27,39,31,21,15,34,N/A,N/A,N/A,37,48,35,17,15,28,28,17,29,33,N/A,19,38,28,28,N/A
11/20/2015,43,N/A,66,44,N/A,45,39,N/A,23,67,48,N/A,N/A,N/A,23,16,79,N/A,57,19,52,40,55,N/A,33,48,N/A,198,60,55,87,41,58,58,43,45,36,N/A,52,24,31,27,21,15,31,N/A,N/A,N/A,33,46,31,24,15,24,29,18,24,34,N/A,22,37,31,28,N/A
11/21/2015,45,N/A,77,42,N/A,49,41,N/A,25,69,52,N/A,N/A,N/A,26,18,78,N/A,47,39,N/A,48,57,N/A,33,55,N/A,172,52,62,96,35,75,35,53,32,45,N/A,36,19,27,23,26,17,36,56,N/A,N/A,34,48,27,23,17,29,30,16,19,31,N/A,18,31,29,23,N/A
11/22/2015,42,N/A,71,37,N/A,43,35,N/A,24,52,43,N/A,N/A,N/A,23,18,65,N/A,43,26,N/A,38,48,N/A,N/A,60,N/A,142,48,59,N/A,30,N/A,62,44,24,37,N/A,36,18,24,24,26,14,38,42,N/A,N/A,28,35,31,13,13,23,29,15,25,32,N/A,19,38,29,26,N/A
11/23/2015,50,N/A,85,36,N/A,44,35,N/A,26,61,47,N/A,N/A,N/A,25,20,73,N/A,52,40,55,44,47,N/A,N/A,58,N/A,137,43,61,N/A,37,N/A,N/A,43,41,37,N/A,37,23,33,27,26,15,26,55,N/A,N/A,33,39,33,19,16,20,23,16,25,32,N/A,21,36,28,23,N/A
11/24/2015,48,N/A,82,52,N/A,48,45,N/A,25,62,53,N/A,N/A,N/A,25,21,77,N/A,50,32,64,50,55,N/A,N/A,74,N/A,157,47,59,N/A,45,N/A,N/A,51,48,45,N/A,47,29,37,30,26,20,N/A,55,N/A,N/A,34,40,38,26,18,22,25,16,22,37,N/A,22,45,30,28,N/A
11/25/2015,43,N/A,64,40,N/A,40,38,N/A,25,56,43,N/A,N/A,N/A,21,17,78,N/A,49,N/A,53,39,55,N/A,N/A,62,N/A,136,71,66,90,44,44,N/A,N/A,38,44,N/A,47,34,45,36,25,18,N/A,63,N/A,N/A,36,46,N/A,33,26,27,32,19,23,39,N/A,26,48,35,33,47
11/26/2015,46,N/A,57,34,N/A,37,32,N/A,22,37,36,N/A,N/A,N/A,19,16,56,N/A,42,N/A,49,35,49,N/A,N/A,N/A,N/A,112,50,57,73,30,32,N/A,N/A,34,34,N/A,34,36,43,32,27,24,32,63,N/A,N/A,30,39,N/A,37,28,N/A,31,19,28,35,35,23,42,32,37,38
11/27/2015,39,N/A,35,31,N/A,33,26,N/A,19,31,32,N/A,N/A,N/A,14,14,41,N/A,35,N/A,35,28,40,N/A,N/A,N/A,N/A,93,43,73,66,31,27,N/A,N/A,30,29,N/A,31,38,49,31,27,26,33,46,N/A,16,28,33,N/A,17,14,N/A,40,19,21,29,37,20,32,27,33,40
11/28/2015,37,N/A,58,43,N/A,46,31,N/A,21,39,48,N/A,N/A,N/A,19,20,60,N/A,45,N/A,N/A,37,49,N/A,N/A,N/A,N/A,129,58,72,107,30,21,N/A,N/A,34,37,N/A,41,30,43,33,29,26,33,51,N/A,N/A,39,40,31,21,17,N/A,42,21,22,39,41,25,39,30,45,N/A
11/29/2015,49,N/A,77,42,N/A,49,42,N/A,25,53,54,N/A,N/A,N/A,23,20,65,N/A,50,N/A,N/A,44,56,N/A,N/A,N/A,N/A,116,56,69,96,33,25,N/A,N/A,39,N/A,N/A,43,28,42,36,28,26,31,66,N/A,9,N/A,40,32,24,15,N/A,35,21,22,36,45,32,40,41,31,59
11/30/2015,54,N/A,95,59,N/A,62,47,N/A,N/A,67,65,N/A,N/A,N/A,28,20,82,N/A,60,N/A,N/A,53,70,N/A,N/A,N/A,N/A,137,52,67,95,51,25,N/A,N/A,47,N/A,N/A,49,32,47,37,N/A,26,34,64,N/A,N/A,N/A,45,30,18,16,N/A,36,19,28,40,48,31,43,47,48,N/A
12/1/2015,58,N/A,78,51,N/A,57,53,N/A,N/A,77,56,N/A,N/A,N/A,26,N/A,82,N/A,60,N/A,N/A,49,66,N/A,N/A,73,N/A,158,67,52,83,43,24,N/A,N/A,46,N/A,N/A,46,37,49,40,N/A,30,40,71,N/A,13,N/A,52,33,24,20,N/A,39,18,26,45,53,27,38,36,49,N/A
12/2/2015,N/A,N/A,25,25,N/A,34,30,N/A,N/A,54,36,N/A,N/A,N/A,16,N/A,43,N/A,34,N/A,N/A,24,36,N/A,N/A,67,N/A,124,44,45,22,28,22,N/A,N/A,31,32,N/A,32,29,42,35,N/A,27,55,79,N/A,N/A,N/A,60,30,37,20,N/A,39,16,32,38,54,31,37,45,45,27
12/3/2015,N/A,N/A,49,35,N/A,32,25,N/A,N/A,N/A,33,N/A,N/A,N/A,15,N/A,49,N/A,34,21,N/A,35,48,N/A,N/A,27,N/A,87,34,47,52,25,23,N/A,N/A,30,35,N/A,43,30,37,26,N/A,25,33,49,N/A,16,N/A,49,N/A,38,25,N/A,41,30,31,30,59,28,33,47,50,30
12/4/2015,N/A,N/A,59,46,N/A,43,39,N/A,N/A,37,45,N/A,N/A,N/A,21,N/A,67,N/A,44,37,N/A,44,64,N/A,N/A,44,68,147,44,40,57,43,25,N/A,N/A,61,57,N/A,54,26,30,15,14,14,23,45,N/A,N/A,N/A,43,N/A,28,22,N/A,28,29,13,23,38,25,34,40,23,37
12/5/2015,45,N/A,66,43,N/A,50,37,N/A,N/A,43,46,N/A,N/A,N/A,24,N/A,57,N/A,44,21,N/A,43,56,N/A,N/A,53,77,111,54,56,55,34,25,N/A,N/A,42,44,N/A,46,16,21,10,18,30,20,34,N/A,11,N/A,54,51,34,18,N/A,15,19,15,17,22,9,46,19,20,30
12/6/2015,42,N/A,56,37,N/A,43,40,N/A,N/A,43,45,N/A,N/A,N/A,21,N/A,52,N/A,42,18,N/A,39,53,N/A,N/A,41,67,71,46,27,50,39,25,N/A,N/A,35,40,N/A,39,19,27,24,19,16,23,41,N/A,N/A,N/A,32,37,31,17,N/A,22,22,15,24,30,16,40,21,24,38
12/7/2015,43,N/A,61,33,N/A,41,35,N/A,N/A,43,43,N/A,N/A,N/A,22,N/A,49,N/A,38,22,N/A,37,47,N/A,N/A,37,63,84,46,48,57,34,22,N/A,N/A,33,37,N/A,37,21,33,25,19,17,25,45,N/A,18,N/A,35,27,48,23,N/A,30,N/A,21,22,26,16,35,25,33,34
12/8/2015,N/A,N/A,76,43,N/A,48,44,N/A,N/A,50,55,N/A,N/A,N/A,22,N/A,70,N/A,46,40,N/A,45,62,N/A,N/A,45,69,114,55,55,77,41,24,N/A,N/A,49,45,N/A,43,29,N/A,28,22,18,25,48,N/A,N/A,N/A,40,32,63,N/A,N/A,54,N/A,36,30,42,14,39,31,46,44
12/9/2015,N/A,N/A,86,80,N/A,62,54,N/A,N/A,54,71,N/A,N/A,N/A,29,N/A,92,N/A,61,44,N/A,71,111,N/A,N/A,63,83,163,66,61,93,56,28,N/A,N/A,54,68,N/A,61,28,37,32,28,23,40,76,N/A,11,N/A,59,54,25,N/A,N/A,42,N/A,29,36,43,28,55,40,27,54
12/10/2015,87,N/A,91,73,N/A,81,67,N/A,N/A,74,85,N/A,N/A,N/A,37,N/A,114,N/A,82,65,N/A,79,97,N/A,N/A,83,108,196,63,60,N/A,78,42,N/A,N/A,85,88,N/A,73,25,35,23,23,N/A,30,86,N/A,N/A,N/A,60,46,32,N/A,N/A,40,N/A,31,45,N/A,33,51,47,37,83
12/11/2015,61,N/A,66,54,N/A,72,58,N/A,N/A,59,75,N/A,N/A,N/A,27,N/A,82,N/A,71,56,N/A,54,68,N/A,N/A,96,103,215,82,54,N/A,71,46,N/A,N/A,76,91,N/A,70,34,48,31,23,21,41,75,N/A,N/A,N/A,72,45,31,N/A,N/A,39,25,36,45,N/A,26,57,44,43,67
12/12/2015,35,N/A,22,35,N/A,40,31,N/A,N/A,29,41,N/A,N/A,N/A,15,N/A,50,N/A,41,42,N/A,37,35,N/A,N/A,78,61,188,72,48,N/A,47,27,N/A,N/A,39,56,N/A,38,41,58,36,27,25,38,77,N/A,N/A,95,78,46,31,N/A,37,45,30,37,59,N/A,28,62,55,50,44
12/13/2015,30,N/A,33,26,N/A,40,28,N/A,N/A,29,39,N/A,N/A,N/A,16,N/A,48,N/A,35,N/A,N/A,30,32,N/A,N/A,66,65,N/A,N/A,39,N/A,53,24,N/A,N/A,30,46,N/A,31,36,55,33,34,25,47,86,N/A,N/A,80,80,41,28,N/A,35,41,N/A,36,52,N/A,43,52,45,39,41
12/14/2015,56,N/A,99,60,N/A,67,50,N/A,N/A,56,70,N/A,N/A,N/A,29,N/A,94,N/A,67,N/A,N/A,57,64,N/A,N/A,93,92,N/A,N/A,70,N/A,77,26,N/A,N/A,59,67,N/A,64,40,54,47,51,N/A,54,93,N/A,16,87,102,N/A,38,N/A,42,51,N/A,35,58,N/A,50,58,49,55,48
12/15/2015,105,N/A,149,108,N/A,111,76,114,N/A,89,110,N/A,N/A,N/A,47,N/A,135,N/A,100,N/A,N/A,112,124,N/A,N/A,113,126,227,89,98,N/A,94,48,N/A,N/A,118,103,N/A,113,43,61,51,42,36,50,95,N/A,N/A,70,87,81,40,N/A,42,49,N/A,37,51,N/A,50,57,58,48,92
12/16/2015,69,N/A,93,57,N/A,63,48,86,N/A,54,64,N/A,N/A,N/A,26,N/A,78,N/A,59,N/A,N/A,64,81,N/A,N/A,96,80,157,67,102,N/A,66,N/A,N/A,N/A,69,63,N/A,84,49,65,61,51,41,60,91,62,N/A,40,50,50,41,N/A,56,60,N/A,44,55,N/A,52,60,44,66,69
12/17/2015,49,N/A,57,25,N/A,35,25,49,N/A,31,37,N/A,N/A,N/A,17,N/A,44,N/A,34,N/A,N/A,33,47,N/A,N/A,62,56,95,50,79,N/A,48,N/A,N/A,N/A,41,48,N/A,46,46,58,52,45,32,54,53,51,N/A,41,37,34,34,34,34,32,N/A,24,45,N/A,N/A,42,28,30,39
12/18/2015,55,N/A,63,43,N/A,49,38,51,N/A,46,49,N/A,N/A,N/A,20,N/A,66,N/A,47,N/A,N/A,40,59,N/A,N/A,79,70,125,47,84,N/A,52,N/A,N/A,N/A,40,57,N/A,47,37,46,29,32,23,32,64,N/A,N/A,45,56,42,34,27,37,17,N/A,24,29,N/A,N/A,51,45,27,38
12/19/2015,56,N/A,98,48,N/A,59,47,57,N/A,59,59,N/A,N/A,N/A,27,N/A,81,N/A,55,N/A,N/A,51,71,N/A,N/A,81,84,140,39,77,N/A,62,N/A,N/A,N/A,N/A,56,N/A,56,41,51,41,40,24,41,71,N/A,N/A,53,46,45,52,51,75,21,N/A,27,32,N/A,N/A,55,47,25,45
12/20/2015,59,N/A,90,51,N/A,72,53,60,N/A,65,67,N/A,N/A,N/A,28,N/A,86,N/A,58,N/A,N/A,56,70,N/A,N/A,84,87,165,45,69,N/A,74,N/A,N/A,N/A,52,58,N/A,61,34,53,42,43,29,39,82,N/A,25,56,63,51,44,44,71,30,N/A,31,42,N/A,30,59,37,31,49
12/21/2015,62,N/A,95,55,N/A,70,60,67,N/A,65,71,N/A,N/A,N/A,28,N/A,92,N/A,59,N/A,N/A,59,83,N/A,N/A,75,86,145,51,73,N/A,81,N/A,N/A,N/A,72,69,N/A,72,40,65,43,40,24,42,86,N/A,N/A,58,67,48,35,41,75,39,N/A,33,39,N/A,40,62,46,38,59
12/22/2015,64,N/A,102,64,N/A,70,59,66,N/A,67,70,N/A,N/A,N/A,29,N/A,101,N/A,61,N/A,N/A,57,73,N/A,N/A,74,83,154,64,69,N/A,88,N/A,N/A,N/A,78,72,N/A,71,38,58,51,47,23,46,73,N/A,N/A,69,63,47,31,34,52,47,N/A,32,45,N/A,42,59,45,39,54
12/23/2015,69,N/A,100,67,N/A,73,58,70,N/A,72,74,N/A,N/A,N/A,31,N/A,103,N/A,69,N/A,N/A,63,81,90,N/A,88,94,237,67,88,N/A,82,N/A,N/A,N/A,70,70,N/A,75,26,42,44,36,26,40,78,N/A,17,69,66,44,18,23,43,41,N/A,32,39,N/A,44,64,42,41,43
12/24/2015,52,N/A,69,45,N/A,56,44,52,N/A,49,58,N/A,N/A,N/A,25,N/A,72,N/A,50,N/A,N/A,43,59,61,N/A,74,76,233,92,59,N/A,67,N/A,N/A,N/A,70,48,N/A,74,N/A,45,54,39,32,54,84,28,N/A,76,62,72,27,27,36,41,N/A,30,48,N/A,45,62,49,37,53
12/25/2015,40,N/A,41,22,N/A,42,32,38,N/A,38,41,N/A,N/A,N/A,18,N/A,57,N/A,46,N/A,N/A,33,42,38,N/A,63,67,172,63,54,N/A,53,25,45,N/A,47,45,N/A,44,N/A,47,48,47,38,56,79,34,20,64,71,46,41,31,44,55,N/A,34,50,N/A,48,N/A,36,43,34
12/26/2015,43,N/A,42,44,N/A,48,34,59,N/A,40,48,N/A,N/A,N/A,22,N/A,63,N/A,55,N/A,N/A,43,54,48,N/A,86,69,165,47,51,N/A,51,27,40,N/A,44,50,N/A,50,37,44,45,48,34,52,76,N/A,N/A,42,56,34,43,35,51,48,N/A,37,39,N/A,49,N/A,22,37,40
12/27/2015,45,N/A,51,41,N/A,58,35,53,N/A,46,56,N/A,N/A,N/A,22,N/A,69,N/A,52,N/A,N/A,48,59,48,N/A,110,79,180,57,71,N/A,62,31,52,N/A,56,57,N/A,53,25,36,45,42,38,45,77,N/A,N/A,47,58,49,59,34,51,43,N/A,28,40,N/A,40,N/A,25,37,49
12/28/2015,57,N/A,71,50,N/A,58,49,67,N/A,50,59,N/A,N/A,N/A,23,N/A,77,N/A,58,N/A,N/A,55,80,72,N/A,84,70,138,89,84,N/A,68,39,54,60,65,57,N/A,63,43,57,52,50,36,49,73,N/A,N/A,43,52,49,94,52,65,N/A,N/A,31,42,N/A,32,N/A,31,50,58
12/29/2015,49,N/A,77,46,N/A,50,44,60,N/A,44,53,N/A,N/A,N/A,20,N/A,73,N/A,46,N/A,N/A,51,70,58,N/A,65,70,100,66,72,N/A,60,28,68,53,N/A,53,N/A,60,41,52,46,43,30,46,65,37,N/A,39,47,46,77,52,50,N/A,24,27,36,N/A,23,N/A,32,50,46
12/30/2015,49,N/A,65,50,N/A,53,47,53,N/A,48,55,N/A,N/A,N/A,20,N/A,69,N/A,51,N/A,N/A,46,67,61,N/A,74,69,83,71,83,69,59,26,74,49,46,49,N/A,61,43,56,40,49,26,42,66,41,N/A,33,45,43,61,50,51,40,30,26,42,N/A,25,N/A,31,42,52
12/31/2015,30,N/A,42,31,N/A,37,36,35,N/A,35,38,N/A,N/A,N/A,16,N/A,45,N/A,35,N/A,N/A,35,45,46,N/A,53,57,53,57,75,53,48,20,59,35,30,37,N/A,39,38,42,28,27,15,N/A,47,39,29,24,34,34,N/A,44,39,33,32,23,37,N/A,23,N/A,25,37,32
,,,,,,,,,,,,,,,,,,,,,,,,,,,,,,,,,,,,,,,,,,,,,,,,,,,,,,,,,,,,,,,,
หมายเหตุ ,N/A : ไม่มีข้อมูล,,,,,,,,,,,,,,,,,,,,,,,,,,,,,,,,,,,,,,,,,,,,,,,,,,,,,,,,,,,,,,,
